 0;240;3;58;100;100;0;4
 0;1;1;250;1017;1000
 0;2;2;250;1017;1000
 0;3;3;250;1017;1000
 0;4;4;250;1017;1000
  1; 1; 100; 100; Led;   0;  12;   -2;  998; 255;   1; NaN;   1
  1; 2; 100; 100;Snd1;   0;   1;   -1;  942;  55; 399;   0;   1
  1; 3; 100; 100;Snd2;   0;  12;   -1;  943;  55; 300;   0;   1
  1; 4; 100; 100; Acq; NaN; NaN;    0; 4000; NaN; NaN;1017;   1
  1; 5; 100; 100;Inp1; NaN; NaN; NaN;46060; NaN; NaN; NaN;   1
  1; 6; 100; 100;Inp2; NaN; NaN; NaN;46060; NaN; NaN; NaN;   1
  2; 1; 100; 100; Led;   0;  12;   -2;  998; 255;   1; NaN;   2
  2; 2; 100; 100;Snd1;   0;   2;   -1;  942;  55; 399;   0;   2
  2; 3; 100; 100;Snd2;   0;  12;   -1;  943;  55; 300;   0;   2
  2; 4; 100; 100; Acq; NaN; NaN;    0; 4000; NaN; NaN;1017;   2
  2; 5; 100; 100;Inp1; NaN; NaN; NaN;46060; NaN; NaN; NaN;   2
  2; 6; 100; 100;Inp2; NaN; NaN; NaN;46060; NaN; NaN; NaN;   2
  3; 1; 100; 100; Led;   0;  12;   -2;  998; 255;   1; NaN;   3
  3; 2; 100; 100;Snd1;   0;   3;   -1;  943;  55; 399;   0;   3
  3; 3; 100; 100;Snd2;   0;  12;   -1;  942;  55; 300;   0;   3
  3; 4; 100; 100; Acq; NaN; NaN;    0; 4000; NaN; NaN;1017;   3
  3; 5; 100; 100;Inp1; NaN; NaN; NaN;46060; NaN; NaN; NaN;   3
  3; 6; 100; 100;Inp2; NaN; NaN; NaN;46060; NaN; NaN; NaN;   3
  4; 1; 100; 100; Led;   0;  12;   -2;  998; 255;   1; NaN;   4
  4; 2; 100; 100;Snd1;   0;   4;   -1;  942;  55; 399;   0;   4
  4; 3; 100; 100;Snd2;   0;  12;   -1;  943;  55; 300;   0;   4
  4; 4; 100; 100; Acq; NaN; NaN;    0; 4000; NaN; NaN;1017;   4
  4; 5; 100; 100;Inp1; NaN; NaN; NaN;46060; NaN; NaN; NaN;   4
  4; 6; 100; 100;Inp2; NaN; NaN; NaN;46060; NaN; NaN; NaN;   4
  5; 1; 100; 100; Led;   0;  12;   -2;  998; 255;   1; NaN;   5
  5; 2; 100; 100;Snd1;   0;   5;   -1;  942;  55; 399;   0;   5
  5; 3; 100; 100;Snd2;   0;  12;   -1;  943;  55; 300;   0;   5
  5; 4; 100; 100; Acq; NaN; NaN;    0; 4000; NaN; NaN;1017;   5
  5; 5; 100; 100;Inp1; NaN; NaN; NaN;46060; NaN; NaN; NaN;   5
  5; 6; 100; 100;Inp2; NaN; NaN; NaN;46060; NaN; NaN; NaN;   5
  6; 1; 100; 100; Led;   0;  12;   -2;  998; 255;   1; NaN;   6
  6; 2; 100; 100;Snd1;   0;   6;   -1;  942;  55; 399;   0;   6
  6; 3; 100; 100;Snd2;   0;  12;   -1;  943;  55; 300;   0;   6
  6; 4; 100; 100; Acq; NaN; NaN;    0; 4000; NaN; NaN;1017;   6
  6; 5; 100; 100;Inp1; NaN; NaN; NaN;46060; NaN; NaN; NaN;   6
  6; 6; 100; 100;Inp2; NaN; NaN; NaN;46060; NaN; NaN; NaN;   6
  7; 1; 100; 100; Led;   0;  12;   -2;  998; 255;   1; NaN;   7
  7; 2; 100; 100;Snd1;   0;   7;   -1;  943;  55; 399;   0;   7
  7; 3; 100; 100;Snd2;   0;  12;   -1;  942;  55; 300;   0;   7
  7; 4; 100; 100; Acq; NaN; NaN;    0; 4000; NaN; NaN;1017;   7
  7; 5; 100; 100;Inp1; NaN; NaN; NaN;46060; NaN; NaN; NaN;   7
  7; 6; 100; 100;Inp2; NaN; NaN; NaN;46060; NaN; NaN; NaN;   7
  8; 1; 100; 100; Led;   0;  12;   -2;  998; 255;   1; NaN;   8
  8; 2; 100; 100;Snd1;   0;   8;   -1;  943;  55; 399;   0;   8
  8; 3; 100; 100;Snd2;   0;  12;   -1;  942;  55; 300;   0;   8
  8; 4; 100; 100; Acq; NaN; NaN;    0; 4000; NaN; NaN;1017;   8
  8; 5; 100; 100;Inp1; NaN; NaN; NaN;46060; NaN; NaN; NaN;   8
  8; 6; 100; 100;Inp2; NaN; NaN; NaN;46060; NaN; NaN; NaN;   8
  9; 1; 100; 100; Led;   0;  12;   -2;  998; 255;   1; NaN;   9
  9; 2; 100; 100;Snd1;   0;   9;   -1;  942;  55; 399;   0;   9
  9; 3; 100; 100;Snd2;   0;  12;   -1;  943;  55; 300;   0;   9
  9; 4; 100; 100; Acq; NaN; NaN;    0; 4000; NaN; NaN;1017;   9
  9; 5; 100; 100;Inp1; NaN; NaN; NaN;46060; NaN; NaN; NaN;   9
  9; 6; 100; 100;Inp2; NaN; NaN; NaN;46060; NaN; NaN; NaN;   9
 10; 1; 100; 100; Led;   0;  12;   -2;  998; 255;   1; NaN;  10
 10; 2; 100; 100;Snd1;   0;  10;   -1;  942;  55; 399;   0;  10
 10; 3; 100; 100;Snd2;   0;  12;   -1;  943;  55; 300;   0;  10
 10; 4; 100; 100; Acq; NaN; NaN;    0; 4000; NaN; NaN;1017;  10
 10; 5; 100; 100;Inp1; NaN; NaN; NaN;46060; NaN; NaN; NaN;  10
 10; 6; 100; 100;Inp2; NaN; NaN; NaN;46060; NaN; NaN; NaN;  10
 11; 1; 100; 100; Led;   0;  12;   -2;  998; 255;   1; NaN;  11
 11; 2; 100; 100;Snd1;   0;  11;   -1;  942;  55; 399;   0;  11
 11; 3; 100; 100;Snd2;   0;  12;   -1;  943;  55; 300;   0;  11
 11; 4; 100; 100; Acq; NaN; NaN;    0; 4000; NaN; NaN;1017;  11
 11; 5; 100; 100;Inp1; NaN; NaN; NaN;46060; NaN; NaN; NaN;  11
 11; 6; 100; 100;Inp2; NaN; NaN; NaN;46060; NaN; NaN; NaN;  11
 12; 1; 100; 100; Led;   0;  12;   -2;  998; 255;   1; NaN;  12
 12; 2; 100; 100;Snd1;   0;  12;   -1;  943;  55; 399;   0;  12
 12; 3; 100; 100;Snd2;   0;  13;   -1;  942;  55; 300;   0;  12
 12; 4; 100; 100; Acq; NaN; NaN;    0; 4000; NaN; NaN;1017;  12
 12; 5; 100; 100;Inp1; NaN; NaN; NaN;46060; NaN; NaN; NaN;  12
 12; 6; 100; 100;Inp2; NaN; NaN; NaN;46060; NaN; NaN; NaN;  12
 13; 1; 100; 100; Led;   0;  12;   -2;  998; 255;   1; NaN;  13
 13; 2; 100; 100;Snd1;   0;  13;   -1;  943;  55; 399;   0;  13
 13; 3; 100; 100;Snd2;   0;  12;   -1;  942;  55; 300;   0;  13
 13; 4; 100; 100; Acq; NaN; NaN;    0; 4000; NaN; NaN;1017;  13
 13; 5; 100; 100;Inp1; NaN; NaN; NaN;46060; NaN; NaN; NaN;  13
 13; 6; 100; 100;Inp2; NaN; NaN; NaN;46060; NaN; NaN; NaN;  13
 14; 1; 100; 100; Led;   0;  12;   -2;  998; 255;   1; NaN;  14
 14; 2; 100; 100;Snd1;   0;  14;   -1;  942;  55; 399;   0;  14
 14; 3; 100; 100;Snd2;   0;  12;   -1;  943;  55; 300;   0;  14
 14; 4; 100; 100; Acq; NaN; NaN;    0; 4000; NaN; NaN;1017;  14
 14; 5; 100; 100;Inp1; NaN; NaN; NaN;46060; NaN; NaN; NaN;  14
 14; 6; 100; 100;Inp2; NaN; NaN; NaN;46060; NaN; NaN; NaN;  14
 15; 1; 100; 100; Led;   0;  12;   -2;  998; 255;   1; NaN;  15
 15; 2; 100; 100;Snd1;   0;  15;   -1;  942;  55; 399;   0;  15
 15; 3; 100; 100;Snd2;   0;  12;   -1;  943;  55; 300;   0;  15
 15; 4; 100; 100; Acq; NaN; NaN;    0; 4000; NaN; NaN;1017;  15
 15; 5; 100; 100;Inp1; NaN; NaN; NaN;46060; NaN; NaN; NaN;  15
 15; 6; 100; 100;Inp2; NaN; NaN; NaN;46060; NaN; NaN; NaN;  15
 16; 1; 100; 100; Led;   0;  12;   -2;  998; 255;   1; NaN;  16
 16; 2; 100; 100;Snd1;   0;  16;   -1;  942;  55; 399;   0;  16
 16; 3; 100; 100;Snd2;   0;  12;   -1;  943;  55; 300;   0;  16
 16; 4; 100; 100; Acq; NaN; NaN;    0; 4000; NaN; NaN;1017;  16
 16; 5; 100; 100;Inp1; NaN; NaN; NaN;46060; NaN; NaN; NaN;  16
 16; 6; 100; 100;Inp2; NaN; NaN; NaN;46060; NaN; NaN; NaN;  16
 17; 1; 100; 100; Led;   0;  12;   -2;  998; 255;   1; NaN;  17
 17; 2; 100; 100;Snd1;   0;  17;   -1;  942;  55; 399;   0;  17
 17; 3; 100; 100;Snd2;   0;  12;   -1;  943;  55; 300;   0;  17
 17; 4; 100; 100; Acq; NaN; NaN;    0; 4000; NaN; NaN;1017;  17
 17; 5; 100; 100;Inp1; NaN; NaN; NaN;46060; NaN; NaN; NaN;  17
 17; 6; 100; 100;Inp2; NaN; NaN; NaN;46060; NaN; NaN; NaN;  17
 18; 1; 100; 100; Led;   0;  12;   -2;  998; 255;   1; NaN;  18
 18; 2; 100; 100;Snd1;   0;  18;   -1;  943;  55; 399;   0;  18
 18; 3; 100; 100;Snd2;   0;  12;   -1;  942;  55; 300;   0;  18
 18; 4; 100; 100; Acq; NaN; NaN;    0; 4000; NaN; NaN;1017;  18
 18; 5; 100; 100;Inp1; NaN; NaN; NaN;46060; NaN; NaN; NaN;  18
 18; 6; 100; 100;Inp2; NaN; NaN; NaN;46060; NaN; NaN; NaN;  18
 19; 1; 100; 100; Led;   0;  12;   -2;  998; 255;   1; NaN;  19
 19; 2; 100; 100;Snd1;   0;  19;   -1;  942;  55; 399;   0;  19
 19; 3; 100; 100;Snd2;   0;  12;   -1;  943;  55; 300;   0;  19
 19; 4; 100; 100; Acq; NaN; NaN;    0; 4000; NaN; NaN;1017;  19
 19; 5; 100; 100;Inp1; NaN; NaN; NaN;46060; NaN; NaN; NaN;  19
 19; 6; 100; 100;Inp2; NaN; NaN; NaN;46060; NaN; NaN; NaN;  19
 20; 1; 100; 100; Led;   0;  12;   -2;  998; 255;   1; NaN;  20
 20; 2; 100; 100;Snd1;   0;  20;   -1;  942;  55; 399;   0;  20
 20; 3; 100; 100;Snd2;   0;  12;   -1;  943;  55; 300;   0;  20
 20; 4; 100; 100; Acq; NaN; NaN;    0; 4000; NaN; NaN;1017;  20
 20; 5; 100; 100;Inp1; NaN; NaN; NaN;46060; NaN; NaN; NaN;  20
 20; 6; 100; 100;Inp2; NaN; NaN; NaN;46060; NaN; NaN; NaN;  20
 21; 1; 100; 100; Led;   0;  12;   -2;  998; 255;   1; NaN;  21
 21; 2; 100; 100;Snd1;   0;  21;   -1;  942;  55; 399;   0;  21
 21; 3; 100; 100;Snd2;   0;  12;   -1;  943;  55; 300;   0;  21
 21; 4; 100; 100; Acq; NaN; NaN;    0; 4000; NaN; NaN;1017;  21
 21; 5; 100; 100;Inp1; NaN; NaN; NaN;46060; NaN; NaN; NaN;  21
 21; 6; 100; 100;Inp2; NaN; NaN; NaN;46060; NaN; NaN; NaN;  21
 22; 1; 100; 100; Led;   0;  12;   -2;  998; 255;   1; NaN;  22
 22; 2; 100; 100;Snd1;   0;  22;   -1;  942;  55; 399;   0;  22
 22; 3; 100; 100;Snd2;   0;  12;   -1;  943;  55; 300;   0;  22
 22; 4; 100; 100; Acq; NaN; NaN;    0; 4000; NaN; NaN;1017;  22
 22; 5; 100; 100;Inp1; NaN; NaN; NaN;46060; NaN; NaN; NaN;  22
 22; 6; 100; 100;Inp2; NaN; NaN; NaN;46060; NaN; NaN; NaN;  22
 23; 1; 100; 100; Led;   0;  12;   -2;  998; 255;   1; NaN;  23
 23; 2; 100; 100;Snd1;   0;  23;   -1;  942;  55; 399;   0;  23
 23; 3; 100; 100;Snd2;   0;  12;   -1;  943;  55; 300;   0;  23
 23; 4; 100; 100; Acq; NaN; NaN;    0; 4000; NaN; NaN;1017;  23
 23; 5; 100; 100;Inp1; NaN; NaN; NaN;46060; NaN; NaN; NaN;  23
 23; 6; 100; 100;Inp2; NaN; NaN; NaN;46060; NaN; NaN; NaN;  23
 24; 1; 100; 100; Led;   0;  12;   -2;  998; 255;   1; NaN;  24
 24; 2; 100; 100;Snd1;   0;  24;   -1;  942;  55; 399;   0;  24
 24; 3; 100; 100;Snd2;   0;  12;   -1;  943;  55; 300;   0;  24
 24; 4; 100; 100; Acq; NaN; NaN;    0; 4000; NaN; NaN;1017;  24
 24; 5; 100; 100;Inp1; NaN; NaN; NaN;46060; NaN; NaN; NaN;  24
 24; 6; 100; 100;Inp2; NaN; NaN; NaN;46060; NaN; NaN; NaN;  24
 25; 1; 100; 100; Led;   0;  12;   -2;  998; 255;   1; NaN;  25
 25; 2; 100; 100;Snd1;   0;  25;   -1;  942;  55; 399;   0;  25
 25; 3; 100; 100;Snd2;   0;  12;   -1;  943;  55; 300;   0;  25
 25; 4; 100; 100; Acq; NaN; NaN;    0; 4000; NaN; NaN;1017;  25
 25; 5; 100; 100;Inp1; NaN; NaN; NaN;46060; NaN; NaN; NaN;  25
 25; 6; 100; 100;Inp2; NaN; NaN; NaN;46060; NaN; NaN; NaN;  25
 26; 1; 100; 100; Led;   0;  12;   -2;  998; 255;   1; NaN;  26
 26; 2; 100; 100;Snd1;   0;  26;   -1;  942;  55; 399;   0;  26
 26; 3; 100; 100;Snd2;   0;  12;   -1;  943;  55; 300;   0;  26
 26; 4; 100; 100; Acq; NaN; NaN;    0; 4000; NaN; NaN;1017;  26
 26; 5; 100; 100;Inp1; NaN; NaN; NaN;46060; NaN; NaN; NaN;  26
 26; 6; 100; 100;Inp2; NaN; NaN; NaN;46060; NaN; NaN; NaN;  26
 27; 1; 100; 100; Led;   0;  12;   -2;  998; 255;   1; NaN;  27
 27; 2; 100; 100;Snd1;   0;  27;   -1;  942;  55; 399;   0;  27
 27; 3; 100; 100;Snd2;   0;  12;   -1;  943;  55; 300;   0;  27
 27; 4; 100; 100; Acq; NaN; NaN;    0; 4000; NaN; NaN;1017;  27
 27; 5; 100; 100;Inp1; NaN; NaN; NaN;46060; NaN; NaN; NaN;  27
 27; 6; 100; 100;Inp2; NaN; NaN; NaN;46060; NaN; NaN; NaN;  27
 28; 1; 100; 100; Led;   0;  12;   -2;  998; 255;   1; NaN;  28
 28; 2; 100; 100;Snd1;   0;  28;   -1;  942;  55; 399;   0;  28
 28; 3; 100; 100;Snd2;   0;  12;   -1;  943;  55; 300;   0;  28
 28; 4; 100; 100; Acq; NaN; NaN;    0; 4000; NaN; NaN;1017;  28
 28; 5; 100; 100;Inp1; NaN; NaN; NaN;46060; NaN; NaN; NaN;  28
 28; 6; 100; 100;Inp2; NaN; NaN; NaN;46060; NaN; NaN; NaN;  28
 29; 1; 100; 100; Led;   0;  12;   -2;  998; 255;   1; NaN;  29
 29; 2; 100; 100;Snd1;   0;  29;   -1;  942;  55; 399;   0;  29
 29; 3; 100; 100;Snd2;   0;  12;   -1;  943;  55; 300;   0;  29
 29; 4; 100; 100; Acq; NaN; NaN;    0; 4000; NaN; NaN;1017;  29
 29; 5; 100; 100;Inp1; NaN; NaN; NaN;46060; NaN; NaN; NaN;  29
 29; 6; 100; 100;Inp2; NaN; NaN; NaN;46060; NaN; NaN; NaN;  29
 30; 1; 100; 100; Led; 180; 112;   -4;  996; 255;   1; NaN;  30
 30; 2; 100; 100; Led; 180; 113;   -3;  997; 255;   1; NaN;  30
 30; 3; 100; 100;Snd1; 180; 101;   -2;  942;  55; 399;   0;  30
 30; 4; 100; 100;Snd2; 180;  12;   -2;  942;  55; 300;   0;  30
 30; 5; 100; 100; Acq; NaN; NaN;    0; 4000; NaN; NaN;1017;  30
 30; 6; 100; 100;Inp1; NaN; NaN; NaN;46060; NaN; NaN; NaN;  30
 30; 7; 100; 100;Inp2; NaN; NaN; NaN;46060; NaN; NaN; NaN;  30
 31; 1; 100; 100; Led; 180; 112;   -4;  996; 255;   1; NaN;  31
 31; 2; 100; 100; Led; 180; 113;   -3;  997; 255;   1; NaN;  31
 31; 3; 100; 100;Snd1; 180; 102;   -2;  942;  55; 399;   0;  31
 31; 4; 100; 100;Snd2; 180;  12;   -2;  942;  55; 300;   0;  31
 31; 5; 100; 100; Acq; NaN; NaN;    0; 4000; NaN; NaN;1017;  31
 31; 6; 100; 100;Inp1; NaN; NaN; NaN;46060; NaN; NaN; NaN;  31
 31; 7; 100; 100;Inp2; NaN; NaN; NaN;46060; NaN; NaN; NaN;  31
 32; 1; 100; 100; Led; 180; 112;   -4;  996; 255;   1; NaN;  32
 32; 2; 100; 100; Led; 180; 113;   -3;  997; 255;   1; NaN;  32
 32; 3; 100; 100;Snd1; 180; 103;   -2;  942;  55; 399;   0;  32
 32; 4; 100; 100;Snd2; 180;  12;   -2;  942;  55; 300;   0;  32
 32; 5; 100; 100; Acq; NaN; NaN;    0; 4000; NaN; NaN;1017;  32
 32; 6; 100; 100;Inp1; NaN; NaN; NaN;46060; NaN; NaN; NaN;  32
 32; 7; 100; 100;Inp2; NaN; NaN; NaN;46060; NaN; NaN; NaN;  32
 33; 1; 100; 100; Led; 180; 112;   -4;  996; 255;   1; NaN;  33
 33; 2; 100; 100; Led; 180; 113;   -3;  997; 255;   1; NaN;  33
 33; 3; 100; 100;Snd1; 180; 104;   -2;  942;  55; 399;   0;  33
 33; 4; 100; 100;Snd2; 180;  12;   -2;  942;  55; 300;   0;  33
 33; 5; 100; 100; Acq; NaN; NaN;    0; 4000; NaN; NaN;1017;  33
 33; 6; 100; 100;Inp1; NaN; NaN; NaN;46060; NaN; NaN; NaN;  33
 33; 7; 100; 100;Inp2; NaN; NaN; NaN;46060; NaN; NaN; NaN;  33
 34; 1; 100; 100; Led; 180; 112;   -4;  996; 255;   1; NaN;  34
 34; 2; 100; 100; Led; 180; 113;   -3;  997; 255;   1; NaN;  34
 34; 3; 100; 100;Snd1; 180; 105;   -2;  942;  55; 399;   0;  34
 34; 4; 100; 100;Snd2; 180;  12;   -2;  942;  55; 300;   0;  34
 34; 5; 100; 100; Acq; NaN; NaN;    0; 4000; NaN; NaN;1017;  34
 34; 6; 100; 100;Inp1; NaN; NaN; NaN;46060; NaN; NaN; NaN;  34
 34; 7; 100; 100;Inp2; NaN; NaN; NaN;46060; NaN; NaN; NaN;  34
 35; 1; 100; 100; Led; 180; 112;   -4;  996; 255;   1; NaN;  35
 35; 2; 100; 100; Led; 180; 113;   -3;  997; 255;   1; NaN;  35
 35; 3; 100; 100;Snd1; 180; 106;   -2;  942;  55; 399;   0;  35
 35; 4; 100; 100;Snd2; 180;  12;   -2;  942;  55; 300;   0;  35
 35; 5; 100; 100; Acq; NaN; NaN;    0; 4000; NaN; NaN;1017;  35
 35; 6; 100; 100;Inp1; NaN; NaN; NaN;46060; NaN; NaN; NaN;  35
 35; 7; 100; 100;Inp2; NaN; NaN; NaN;46060; NaN; NaN; NaN;  35
 36; 1; 100; 100; Led; 180; 112;   -4;  996; 255;   1; NaN;  36
 36; 2; 100; 100; Led; 180; 113;   -3;  997; 255;   1; NaN;  36
 36; 3; 100; 100;Snd1; 180; 107;   -2;  942;  55; 399;   0;  36
 36; 4; 100; 100;Snd2; 180;  12;   -2;  942;  55; 300;   0;  36
 36; 5; 100; 100; Acq; NaN; NaN;    0; 4000; NaN; NaN;1017;  36
 36; 6; 100; 100;Inp1; NaN; NaN; NaN;46060; NaN; NaN; NaN;  36
 36; 7; 100; 100;Inp2; NaN; NaN; NaN;46060; NaN; NaN; NaN;  36
 37; 1; 100; 100; Led; 180; 112;   -4;  997; 255;   1; NaN;  37
 37; 2; 100; 100; Led; 180; 113;   -3;  996; 255;   1; NaN;  37
 37; 3; 100; 100;Snd1; 180; 108;   -2;  942;  55; 399;   0;  37
 37; 4; 100; 100;Snd2; 180;  12;   -2;  942;  55; 300;   0;  37
 37; 5; 100; 100; Acq; NaN; NaN;    0; 4000; NaN; NaN;1017;  37
 37; 6; 100; 100;Inp1; NaN; NaN; NaN;46060; NaN; NaN; NaN;  37
 37; 7; 100; 100;Inp2; NaN; NaN; NaN;46060; NaN; NaN; NaN;  37
 38; 1; 100; 100; Led; 180; 112;   -4;  996; 255;   1; NaN;  38
 38; 2; 100; 100; Led; 180; 113;   -3;  997; 255;   1; NaN;  38
 38; 3; 100; 100;Snd1; 180; 109;   -2;  942;  55; 399;   0;  38
 38; 4; 100; 100;Snd2; 180;  12;   -2;  942;  55; 300;   0;  38
 38; 5; 100; 100; Acq; NaN; NaN;    0; 4000; NaN; NaN;1017;  38
 38; 6; 100; 100;Inp1; NaN; NaN; NaN;46060; NaN; NaN; NaN;  38
 38; 7; 100; 100;Inp2; NaN; NaN; NaN;46060; NaN; NaN; NaN;  38
 39; 1; 100; 100; Led; 180; 112;   -4;  996; 255;   1; NaN;  39
 39; 2; 100; 100; Led; 180; 113;   -3;  997; 255;   1; NaN;  39
 39; 3; 100; 100;Snd1; 180; 110;   -2;  942;  55; 399;   0;  39
 39; 4; 100; 100;Snd2; 180;  12;   -2;  942;  55; 300;   0;  39
 39; 5; 100; 100; Acq; NaN; NaN;    0; 4000; NaN; NaN;1017;  39
 39; 6; 100; 100;Inp1; NaN; NaN; NaN;46060; NaN; NaN; NaN;  39
 39; 7; 100; 100;Inp2; NaN; NaN; NaN;46060; NaN; NaN; NaN;  39
 40; 1; 100; 100; Led; 180; 112;   -4;  996; 255;   1; NaN;  40
 40; 2; 100; 100; Led; 180; 113;   -3;  997; 255;   1; NaN;  40
 40; 3; 100; 100;Snd1; 180; 111;   -2;  942;  55; 399;   0;  40
 40; 4; 100; 100;Snd2; 180;  12;   -2;  942;  55; 300;   0;  40
 40; 5; 100; 100; Acq; NaN; NaN;    0; 4000; NaN; NaN;1017;  40
 40; 6; 100; 100;Inp1; NaN; NaN; NaN;46060; NaN; NaN; NaN;  40
 40; 7; 100; 100;Inp2; NaN; NaN; NaN;46060; NaN; NaN; NaN;  40
 41; 1; 100; 100; Led; 180; 112;   -4;  997; 255;   1; NaN;  41
 41; 2; 100; 100; Led; 180; 113;   -3;  996; 255;   1; NaN;  41
 41; 3; 100; 100;Snd1; 180; 112;   -2;  942;  55; 399;   0;  41
 41; 4; 100; 100;Snd2; 180;  13;   -2;  942;  55; 300;   0;  41
 41; 5; 100; 100; Acq; NaN; NaN;    0; 4000; NaN; NaN;1017;  41
 41; 6; 100; 100;Inp1; NaN; NaN; NaN;46060; NaN; NaN; NaN;  41
 41; 7; 100; 100;Inp2; NaN; NaN; NaN;46060; NaN; NaN; NaN;  41
 42; 1; 100; 100; Led; 180; 112;   -4;  996; 255;   1; NaN;  42
 42; 2; 100; 100; Led; 180; 113;   -3;  997; 255;   1; NaN;  42
 42; 3; 100; 100;Snd1; 180; 113;   -2;  942;  55; 399;   0;  42
 42; 4; 100; 100;Snd2; 180;  12;   -2;  942;  55; 300;   0;  42
 42; 5; 100; 100; Acq; NaN; NaN;    0; 4000; NaN; NaN;1017;  42
 42; 6; 100; 100;Inp1; NaN; NaN; NaN;46060; NaN; NaN; NaN;  42
 42; 7; 100; 100;Inp2; NaN; NaN; NaN;46060; NaN; NaN; NaN;  42
 43; 1; 100; 100; Led; 180; 112;   -4;  996; 255;   1; NaN;  43
 43; 2; 100; 100; Led; 180; 113;   -3;  997; 255;   1; NaN;  43
 43; 3; 100; 100;Snd1; 180; 114;   -2;  942;  55; 399;   0;  43
 43; 4; 100; 100;Snd2; 180;  12;   -2;  942;  55; 300;   0;  43
 43; 5; 100; 100; Acq; NaN; NaN;    0; 4000; NaN; NaN;1017;  43
 43; 6; 100; 100;Inp1; NaN; NaN; NaN;46060; NaN; NaN; NaN;  43
 43; 7; 100; 100;Inp2; NaN; NaN; NaN;46060; NaN; NaN; NaN;  43
 44; 1; 100; 100; Led; 180; 112;   -4;  996; 255;   1; NaN;  44
 44; 2; 100; 100; Led; 180; 113;   -3;  997; 255;   1; NaN;  44
 44; 3; 100; 100;Snd1; 180; 115;   -2;  942;  55; 399;   0;  44
 44; 4; 100; 100;Snd2; 180;  12;   -2;  942;  55; 300;   0;  44
 44; 5; 100; 100; Acq; NaN; NaN;    0; 4000; NaN; NaN;1017;  44
 44; 6; 100; 100;Inp1; NaN; NaN; NaN;46060; NaN; NaN; NaN;  44
 44; 7; 100; 100;Inp2; NaN; NaN; NaN;46060; NaN; NaN; NaN;  44
 45; 1; 100; 100; Led; 180; 112;   -4;  997; 255;   1; NaN;  45
 45; 2; 100; 100; Led; 180; 113;   -3;  996; 255;   1; NaN;  45
 45; 3; 100; 100;Snd1; 180; 116;   -2;  942;  55; 399;   0;  45
 45; 4; 100; 100;Snd2; 180;  12;   -2;  942;  55; 300;   0;  45
 45; 5; 100; 100; Acq; NaN; NaN;    0; 4000; NaN; NaN;1017;  45
 45; 6; 100; 100;Inp1; NaN; NaN; NaN;46060; NaN; NaN; NaN;  45
 45; 7; 100; 100;Inp2; NaN; NaN; NaN;46060; NaN; NaN; NaN;  45
 46; 1; 100; 100; Led; 180; 112;   -4;  996; 255;   1; NaN;  46
 46; 2; 100; 100; Led; 180; 113;   -3;  997; 255;   1; NaN;  46
 46; 3; 100; 100;Snd1; 180; 117;   -2;  942;  55; 399;   0;  46
 46; 4; 100; 100;Snd2; 180;  12;   -2;  942;  55; 300;   0;  46
 46; 5; 100; 100; Acq; NaN; NaN;    0; 4000; NaN; NaN;1017;  46
 46; 6; 100; 100;Inp1; NaN; NaN; NaN;46060; NaN; NaN; NaN;  46
 46; 7; 100; 100;Inp2; NaN; NaN; NaN;46060; NaN; NaN; NaN;  46
 47; 1; 100; 100; Led; 180; 112;   -4;  996; 255;   1; NaN;  47
 47; 2; 100; 100; Led; 180; 113;   -3;  997; 255;   1; NaN;  47
 47; 3; 100; 100;Snd1; 180; 118;   -2;  942;  55; 399;   0;  47
 47; 4; 100; 100;Snd2; 180;  12;   -2;  942;  55; 300;   0;  47
 47; 5; 100; 100; Acq; NaN; NaN;    0; 4000; NaN; NaN;1017;  47
 47; 6; 100; 100;Inp1; NaN; NaN; NaN;46060; NaN; NaN; NaN;  47
 47; 7; 100; 100;Inp2; NaN; NaN; NaN;46060; NaN; NaN; NaN;  47
 48; 1; 100; 100; Led; 180; 112;   -4;  996; 255;   1; NaN;  48
 48; 2; 100; 100; Led; 180; 113;   -3;  997; 255;   1; NaN;  48
 48; 3; 100; 100;Snd1; 180; 119;   -2;  942;  55; 399;   0;  48
 48; 4; 100; 100;Snd2; 180;  12;   -2;  942;  55; 300;   0;  48
 48; 5; 100; 100; Acq; NaN; NaN;    0; 4000; NaN; NaN;1017;  48
 48; 6; 100; 100;Inp1; NaN; NaN; NaN;46060; NaN; NaN; NaN;  48
 48; 7; 100; 100;Inp2; NaN; NaN; NaN;46060; NaN; NaN; NaN;  48
 49; 1; 100; 100; Led; 180; 112;   -4;  996; 255;   1; NaN;  49
 49; 2; 100; 100; Led; 180; 113;   -3;  997; 255;   1; NaN;  49
 49; 3; 100; 100;Snd1; 180; 120;   -2;  942;  55; 399;   0;  49
 49; 4; 100; 100;Snd2; 180;  12;   -2;  942;  55; 300;   0;  49
 49; 5; 100; 100; Acq; NaN; NaN;    0; 4000; NaN; NaN;1017;  49
 49; 6; 100; 100;Inp1; NaN; NaN; NaN;46060; NaN; NaN; NaN;  49
 49; 7; 100; 100;Inp2; NaN; NaN; NaN;46060; NaN; NaN; NaN;  49
 50; 1; 100; 100; Led; 180; 112;   -4;  996; 255;   1; NaN;  50
 50; 2; 100; 100; Led; 180; 113;   -3;  997; 255;   1; NaN;  50
 50; 3; 100; 100;Snd1; 180; 121;   -2;  942;  55; 399;   0;  50
 50; 4; 100; 100;Snd2; 180;  12;   -2;  942;  55; 300;   0;  50
 50; 5; 100; 100; Acq; NaN; NaN;    0; 4000; NaN; NaN;1017;  50
 50; 6; 100; 100;Inp1; NaN; NaN; NaN;46060; NaN; NaN; NaN;  50
 50; 7; 100; 100;Inp2; NaN; NaN; NaN;46060; NaN; NaN; NaN;  50
 51; 1; 100; 100; Led; 180; 112;   -4;  997; 255;   1; NaN;  51
 51; 2; 100; 100; Led; 180; 113;   -3;  996; 255;   1; NaN;  51
 51; 3; 100; 100;Snd1; 180; 122;   -2;  942;  55; 399;   0;  51
 51; 4; 100; 100;Snd2; 180;  12;   -2;  942;  55; 300;   0;  51
 51; 5; 100; 100; Acq; NaN; NaN;    0; 4000; NaN; NaN;1017;  51
 51; 6; 100; 100;Inp1; NaN; NaN; NaN;46060; NaN; NaN; NaN;  51
 51; 7; 100; 100;Inp2; NaN; NaN; NaN;46060; NaN; NaN; NaN;  51
 52; 1; 100; 100; Led; 180; 112;   -4;  996; 255;   1; NaN;  52
 52; 2; 100; 100; Led; 180; 113;   -3;  997; 255;   1; NaN;  52
 52; 3; 100; 100;Snd1; 180; 123;   -2;  942;  55; 399;   0;  52
 52; 4; 100; 100;Snd2; 180;  12;   -2;  942;  55; 300;   0;  52
 52; 5; 100; 100; Acq; NaN; NaN;    0; 4000; NaN; NaN;1017;  52
 52; 6; 100; 100;Inp1; NaN; NaN; NaN;46060; NaN; NaN; NaN;  52
 52; 7; 100; 100;Inp2; NaN; NaN; NaN;46060; NaN; NaN; NaN;  52
 53; 1; 100; 100; Led; 180; 112;   -4;  996; 255;   1; NaN;  53
 53; 2; 100; 100; Led; 180; 113;   -3;  997; 255;   1; NaN;  53
 53; 3; 100; 100;Snd1; 180; 124;   -2;  942;  55; 399;   0;  53
 53; 4; 100; 100;Snd2; 180;  12;   -2;  942;  55; 300;   0;  53
 53; 5; 100; 100; Acq; NaN; NaN;    0; 4000; NaN; NaN;1017;  53
 53; 6; 100; 100;Inp1; NaN; NaN; NaN;46060; NaN; NaN; NaN;  53
 53; 7; 100; 100;Inp2; NaN; NaN; NaN;46060; NaN; NaN; NaN;  53
 54; 1; 100; 100; Led; 180; 112;   -4;  996; 255;   1; NaN;  54
 54; 2; 100; 100; Led; 180; 113;   -3;  997; 255;   1; NaN;  54
 54; 3; 100; 100;Snd1; 180; 125;   -2;  942;  55; 399;   0;  54
 54; 4; 100; 100;Snd2; 180;  12;   -2;  942;  55; 300;   0;  54
 54; 5; 100; 100; Acq; NaN; NaN;    0; 4000; NaN; NaN;1017;  54
 54; 6; 100; 100;Inp1; NaN; NaN; NaN;46060; NaN; NaN; NaN;  54
 54; 7; 100; 100;Inp2; NaN; NaN; NaN;46060; NaN; NaN; NaN;  54
 55; 1; 100; 100; Led; 180; 112;   -4;  996; 255;   1; NaN;  55
 55; 2; 100; 100; Led; 180; 113;   -3;  997; 255;   1; NaN;  55
 55; 3; 100; 100;Snd1; 180; 126;   -2;  942;  55; 399;   0;  55
 55; 4; 100; 100;Snd2; 180;  12;   -2;  942;  55; 300;   0;  55
 55; 5; 100; 100; Acq; NaN; NaN;    0; 4000; NaN; NaN;1017;  55
 55; 6; 100; 100;Inp1; NaN; NaN; NaN;46060; NaN; NaN; NaN;  55
 55; 7; 100; 100;Inp2; NaN; NaN; NaN;46060; NaN; NaN; NaN;  55
 56; 1; 100; 100; Led; 180; 112;   -4;  997; 255;   1; NaN;  56
 56; 2; 100; 100; Led; 180; 113;   -3;  996; 255;   1; NaN;  56
 56; 3; 100; 100;Snd1; 180; 127;   -2;  942;  55; 399;   0;  56
 56; 4; 100; 100;Snd2; 180;  12;   -2;  942;  55; 300;   0;  56
 56; 5; 100; 100; Acq; NaN; NaN;    0; 4000; NaN; NaN;1017;  56
 56; 6; 100; 100;Inp1; NaN; NaN; NaN;46060; NaN; NaN; NaN;  56
 56; 7; 100; 100;Inp2; NaN; NaN; NaN;46060; NaN; NaN; NaN;  56
 57; 1; 100; 100; Led; 180; 112;   -4;  996; 255;   1; NaN;  57
 57; 2; 100; 100; Led; 180; 113;   -3;    2; 255;   1; NaN;  57
 57; 3; 100; 100;Snd1; 180; 128;   -2;  942;  55; 399;   0;  57
 57; 4; 100; 100;Snd2; 180;  12;   -2;  942;  55; 300;   0;  57
 57; 5; 100; 100; Acq; NaN; NaN;    0; 4000; NaN; NaN;1017;  57
 57; 6; 100; 100;Inp1; NaN; NaN; NaN;46060; NaN; NaN; NaN;  57
 57; 7; 100; 100;Inp2; NaN; NaN; NaN;46060; NaN; NaN; NaN;  57
 58; 1; 100; 100; Led; 180; 112;   -4;  996; 255;   1; NaN;  58
 58; 2; 100; 100; Led; 180; 113;   -3;  997; 255;   1; NaN;  58
 58; 3; 100; 100;Snd1; 180; 129;   -2;  942;  55; 399;   0;  58
 58; 4; 100; 100;Snd2; 180;  12;   -2;  942;  55; 300;   0;  58
 58; 5; 100; 100; Acq; NaN; NaN;    0; 4000; NaN; NaN;1017;  58
 58; 6; 100; 100;Inp1; NaN; NaN; NaN;46060; NaN; NaN; NaN;  58
 58; 7; 100; 100;Inp2; NaN; NaN; NaN;46060; NaN; NaN; NaN;  58
 59; 1; 100; 100; Led;   0;  12;   -2;  998; 255;   1; NaN;   1
 59; 2; 100; 100;Snd1;   0;   1;   -1;  942;  55; 399;   0;   1
 59; 3; 100; 100;Snd2;   0;  12;   -1;  943;  55; 300;   0;   1
 59; 4; 100; 100; Acq; NaN; NaN;    0; 4000; NaN; NaN;1017;   1
 59; 5; 100; 100;Inp1; NaN; NaN; NaN;46060; NaN; NaN; NaN;   1
 59; 6; 100; 100;Inp2; NaN; NaN; NaN;46060; NaN; NaN; NaN;   1
 60; 1; 100; 100; Led;   0;  12;   -2;  998; 255;   1; NaN;   2
 60; 2; 100; 100;Snd1;   0;   2;   -1;  942;  55; 399;   0;   2
 60; 3; 100; 100;Snd2;   0;  12;   -1;  943;  55; 300;   0;   2
 60; 4; 100; 100; Acq; NaN; NaN;    0; 4000; NaN; NaN;1017;   2
 60; 5; 100; 100;Inp1; NaN; NaN; NaN;46060; NaN; NaN; NaN;   2
 60; 6; 100; 100;Inp2; NaN; NaN; NaN;46060; NaN; NaN; NaN;   2
 61; 1; 100; 100; Led;   0;  12;   -2;  998; 255;   1; NaN;   3
 61; 2; 100; 100;Snd1;   0;   3;   -1;  942;  55; 399;   0;   3
 61; 3; 100; 100;Snd2;   0;  12;   -1;  943;  55; 300;   0;   3
 61; 4; 100; 100; Acq; NaN; NaN;    0; 4000; NaN; NaN;1017;   3
 61; 5; 100; 100;Inp1; NaN; NaN; NaN;46060; NaN; NaN; NaN;   3
 61; 6; 100; 100;Inp2; NaN; NaN; NaN;46060; NaN; NaN; NaN;   3
 62; 1; 100; 100; Led;   0;  12;   -2;  998; 255;   1; NaN;   4
 62; 2; 100; 100;Snd1;   0;   4;   -1;  942;  55; 399;   0;   4
 62; 3; 100; 100;Snd2;   0;  12;   -1;  943;  55; 300;   0;   4
 62; 4; 100; 100; Acq; NaN; NaN;    0; 4000; NaN; NaN;1017;   4
 62; 5; 100; 100;Inp1; NaN; NaN; NaN;46060; NaN; NaN; NaN;   4
 62; 6; 100; 100;Inp2; NaN; NaN; NaN;46060; NaN; NaN; NaN;   4
 63; 1; 100; 100; Led;   0;  12;   -2;  998; 255;   1; NaN;   5
 63; 2; 100; 100;Snd1;   0;   5;   -1;  942;  55; 399;   0;   5
 63; 3; 100; 100;Snd2;   0;  12;   -1;  943;  55; 300;   0;   5
 63; 4; 100; 100; Acq; NaN; NaN;    0; 4000; NaN; NaN;1017;   5
 63; 5; 100; 100;Inp1; NaN; NaN; NaN;46060; NaN; NaN; NaN;   5
 63; 6; 100; 100;Inp2; NaN; NaN; NaN;46060; NaN; NaN; NaN;   5
 64; 1; 100; 100; Led;   0;  12;   -2;  998; 255;   1; NaN;   6
 64; 2; 100; 100;Snd1;   0;   6;   -1;  942;  55; 399;   0;   6
 64; 3; 100; 100;Snd2;   0;  12;   -1;  943;  55; 300;   0;   6
 64; 4; 100; 100; Acq; NaN; NaN;    0; 4000; NaN; NaN;1017;   6
 64; 5; 100; 100;Inp1; NaN; NaN; NaN;46060; NaN; NaN; NaN;   6
 64; 6; 100; 100;Inp2; NaN; NaN; NaN;46060; NaN; NaN; NaN;   6
 65; 1; 100; 100; Led;   0;  12;   -2;  998; 255;   1; NaN;   7
 65; 2; 100; 100;Snd1;   0;   7;   -1;  943;  55; 399;   0;   7
 65; 3; 100; 100;Snd2;   0;  12;   -1;  942;  55; 300;   0;   7
 65; 4; 100; 100; Acq; NaN; NaN;    0; 4000; NaN; NaN;1017;   7
 65; 5; 100; 100;Inp1; NaN; NaN; NaN;46060; NaN; NaN; NaN;   7
 65; 6; 100; 100;Inp2; NaN; NaN; NaN;46060; NaN; NaN; NaN;   7
 66; 1; 100; 100; Led;   0;  12;   -2;  998; 255;   1; NaN;   8
 66; 2; 100; 100;Snd1;   0;   8;   -1;  942;  55; 399;   0;   8
 66; 3; 100; 100;Snd2;   0;  12;   -1;  943;  55; 300;   0;   8
 66; 4; 100; 100; Acq; NaN; NaN;    0; 4000; NaN; NaN;1017;   8
 66; 5; 100; 100;Inp1; NaN; NaN; NaN;46060; NaN; NaN; NaN;   8
 66; 6; 100; 100;Inp2; NaN; NaN; NaN;46060; NaN; NaN; NaN;   8
 67; 1; 100; 100; Led;   0;  12;   -2;  998; 255;   1; NaN;   9
 67; 2; 100; 100;Snd1;   0;   9;   -1;  942;  55; 399;   0;   9
 67; 3; 100; 100;Snd2;   0;  12;   -1;  943;  55; 300;   0;   9
 67; 4; 100; 100; Acq; NaN; NaN;    0; 4000; NaN; NaN;1017;   9
 67; 5; 100; 100;Inp1; NaN; NaN; NaN;46060; NaN; NaN; NaN;   9
 67; 6; 100; 100;Inp2; NaN; NaN; NaN;46060; NaN; NaN; NaN;   9
 68; 1; 100; 100; Led;   0;  12;   -2;  998; 255;   1; NaN;  10
 68; 2; 100; 100;Snd1;   0;  10;   -1;  943;  55; 399;   0;  10
 68; 3; 100; 100;Snd2;   0;  12;   -1;  942;  55; 300;   0;  10
 68; 4; 100; 100; Acq; NaN; NaN;    0; 4000; NaN; NaN;1017;  10
 68; 5; 100; 100;Inp1; NaN; NaN; NaN;46060; NaN; NaN; NaN;  10
 68; 6; 100; 100;Inp2; NaN; NaN; NaN;46060; NaN; NaN; NaN;  10
 69; 1; 100; 100; Led;   0;  12;   -2;  998; 255;   1; NaN;  11
 69; 2; 100; 100;Snd1;   0;  11;   -1;  943;  55; 399;   0;  11
 69; 3; 100; 100;Snd2;   0;  12;   -1;  942;  55; 300;   0;  11
 69; 4; 100; 100; Acq; NaN; NaN;    0; 4000; NaN; NaN;1017;  11
 69; 5; 100; 100;Inp1; NaN; NaN; NaN;46060; NaN; NaN; NaN;  11
 69; 6; 100; 100;Inp2; NaN; NaN; NaN;46060; NaN; NaN; NaN;  11
 70; 1; 100; 100; Led;   0;  12;   -2;  998; 255;   1; NaN;  12
 70; 2; 100; 100;Snd1;   0;  12;   -1;  942;  55; 399;   0;  12
 70; 3; 100; 100;Snd2;   0;  13;   -1;  943;  55; 300;   0;  12
 70; 4; 100; 100; Acq; NaN; NaN;    0; 4000; NaN; NaN;1017;  12
 70; 5; 100; 100;Inp1; NaN; NaN; NaN;46060; NaN; NaN; NaN;  12
 70; 6; 100; 100;Inp2; NaN; NaN; NaN;46060; NaN; NaN; NaN;  12
 71; 1; 100; 100; Led;   0;  12;   -2;  998; 255;   1; NaN;  13
 71; 2; 100; 100;Snd1;   0;  13;   -1;  943;  55; 399;   0;  13
 71; 3; 100; 100;Snd2;   0;  12;   -1;  942;  55; 300;   0;  13
 71; 4; 100; 100; Acq; NaN; NaN;    0; 4000; NaN; NaN;1017;  13
 71; 5; 100; 100;Inp1; NaN; NaN; NaN;46060; NaN; NaN; NaN;  13
 71; 6; 100; 100;Inp2; NaN; NaN; NaN;46060; NaN; NaN; NaN;  13
 72; 1; 100; 100; Led;   0;  12;   -2;  998; 255;   1; NaN;  14
 72; 2; 100; 100;Snd1;   0;  14;   -1;  942;  55; 399;   0;  14
 72; 3; 100; 100;Snd2;   0;  12;   -1;  943;  55; 300;   0;  14
 72; 4; 100; 100; Acq; NaN; NaN;    0; 4000; NaN; NaN;1017;  14
 72; 5; 100; 100;Inp1; NaN; NaN; NaN;46060; NaN; NaN; NaN;  14
 72; 6; 100; 100;Inp2; NaN; NaN; NaN;46060; NaN; NaN; NaN;  14
 73; 1; 100; 100; Led;   0;  12;   -2;  998; 255;   1; NaN;  15
 73; 2; 100; 100;Snd1;   0;  15;   -1;  943;  55; 399;   0;  15
 73; 3; 100; 100;Snd2;   0;  12;   -1;  942;  55; 300;   0;  15
 73; 4; 100; 100; Acq; NaN; NaN;    0; 4000; NaN; NaN;1017;  15
 73; 5; 100; 100;Inp1; NaN; NaN; NaN;46060; NaN; NaN; NaN;  15
 73; 6; 100; 100;Inp2; NaN; NaN; NaN;46060; NaN; NaN; NaN;  15
 74; 1; 100; 100; Led;   0;  12;   -2;  998; 255;   1; NaN;  16
 74; 2; 100; 100;Snd1;   0;  16;   -1;  942;  55; 399;   0;  16
 74; 3; 100; 100;Snd2;   0;  12;   -1;  943;  55; 300;   0;  16
 74; 4; 100; 100; Acq; NaN; NaN;    0; 4000; NaN; NaN;1017;  16
 74; 5; 100; 100;Inp1; NaN; NaN; NaN;46060; NaN; NaN; NaN;  16
 74; 6; 100; 100;Inp2; NaN; NaN; NaN;46060; NaN; NaN; NaN;  16
 75; 1; 100; 100; Led;   0;  12;   -2;  998; 255;   1; NaN;  17
 75; 2; 100; 100;Snd1;   0;  17;   -1;  943;  55; 399;   0;  17
 75; 3; 100; 100;Snd2;   0;  12;   -1;  942;  55; 300;   0;  17
 75; 4; 100; 100; Acq; NaN; NaN;    0; 4000; NaN; NaN;1017;  17
 75; 5; 100; 100;Inp1; NaN; NaN; NaN;46060; NaN; NaN; NaN;  17
 75; 6; 100; 100;Inp2; NaN; NaN; NaN;46060; NaN; NaN; NaN;  17
 76; 1; 100; 100; Led;   0;  12;   -2;  998; 255;   1; NaN;  18
 76; 2; 100; 100;Snd1;   0;  18;   -1;  942;  55; 399;   0;  18
 76; 3; 100; 100;Snd2;   0;  12;   -1;  943;  55; 300;   0;  18
 76; 4; 100; 100; Acq; NaN; NaN;    0; 4000; NaN; NaN;1017;  18
 76; 5; 100; 100;Inp1; NaN; NaN; NaN;46060; NaN; NaN; NaN;  18
 76; 6; 100; 100;Inp2; NaN; NaN; NaN;46060; NaN; NaN; NaN;  18
 77; 1; 100; 100; Led;   0;  12;   -2;  998; 255;   1; NaN;  19
 77; 2; 100; 100;Snd1;   0;  19;   -1;  942;  55; 399;   0;  19
 77; 3; 100; 100;Snd2;   0;  12;   -1;  943;  55; 300;   0;  19
 77; 4; 100; 100; Acq; NaN; NaN;    0; 4000; NaN; NaN;1017;  19
 77; 5; 100; 100;Inp1; NaN; NaN; NaN;46060; NaN; NaN; NaN;  19
 77; 6; 100; 100;Inp2; NaN; NaN; NaN;46060; NaN; NaN; NaN;  19
 78; 1; 100; 100; Led;   0;  12;   -2;  998; 255;   1; NaN;  20
 78; 2; 100; 100;Snd1;   0;  20;   -1;  943;  55; 399;   0;  20
 78; 3; 100; 100;Snd2;   0;  12;   -1;  942;  55; 300;   0;  20
 78; 4; 100; 100; Acq; NaN; NaN;    0; 4000; NaN; NaN;1017;  20
 78; 5; 100; 100;Inp1; NaN; NaN; NaN;46060; NaN; NaN; NaN;  20
 78; 6; 100; 100;Inp2; NaN; NaN; NaN;46060; NaN; NaN; NaN;  20
 79; 1; 100; 100; Led;   0;  12;   -2;  998; 255;   1; NaN;  21
 79; 2; 100; 100;Snd1;   0;  21;   -1;  942;  55; 399;   0;  21
 79; 3; 100; 100;Snd2;   0;  12;   -1;  943;  55; 300;   0;  21
 79; 4; 100; 100; Acq; NaN; NaN;    0; 4000; NaN; NaN;1017;  21
 79; 5; 100; 100;Inp1; NaN; NaN; NaN;46060; NaN; NaN; NaN;  21
 79; 6; 100; 100;Inp2; NaN; NaN; NaN;46060; NaN; NaN; NaN;  21
 80; 1; 100; 100; Led;   0;  12;   -2;  998; 255;   1; NaN;  22
 80; 2; 100; 100;Snd1;   0;  22;   -1;  942;  55; 399;   0;  22
 80; 3; 100; 100;Snd2;   0;  12;   -1;  943;  55; 300;   0;  22
 80; 4; 100; 100; Acq; NaN; NaN;    0; 4000; NaN; NaN;1017;  22
 80; 5; 100; 100;Inp1; NaN; NaN; NaN;46060; NaN; NaN; NaN;  22
 80; 6; 100; 100;Inp2; NaN; NaN; NaN;46060; NaN; NaN; NaN;  22
 81; 1; 100; 100; Led;   0;  12;   -2;  998; 255;   1; NaN;  23
 81; 2; 100; 100;Snd1;   0;  23;   -1;  942;  55; 399;   0;  23
 81; 3; 100; 100;Snd2;   0;  12;   -1;  943;  55; 300;   0;  23
 81; 4; 100; 100; Acq; NaN; NaN;    0; 4000; NaN; NaN;1017;  23
 81; 5; 100; 100;Inp1; NaN; NaN; NaN;46060; NaN; NaN; NaN;  23
 81; 6; 100; 100;Inp2; NaN; NaN; NaN;46060; NaN; NaN; NaN;  23
 82; 1; 100; 100; Led;   0;  12;   -2;  998; 255;   1; NaN;  24
 82; 2; 100; 100;Snd1;   0;  24;   -1;  943;  55; 399;   0;  24
 82; 3; 100; 100;Snd2;   0;  12;   -1;  942;  55; 300;   0;  24
 82; 4; 100; 100; Acq; NaN; NaN;    0; 4000; NaN; NaN;1017;  24
 82; 5; 100; 100;Inp1; NaN; NaN; NaN;46060; NaN; NaN; NaN;  24
 82; 6; 100; 100;Inp2; NaN; NaN; NaN;46060; NaN; NaN; NaN;  24
 83; 1; 100; 100; Led;   0;  12;   -2;  998; 255;   1; NaN;  25
 83; 2; 100; 100;Snd1;   0;  25;   -1;  942;  55; 399;   0;  25
 83; 3; 100; 100;Snd2;   0;  12;   -1;  943;  55; 300;   0;  25
 83; 4; 100; 100; Acq; NaN; NaN;    0; 4000; NaN; NaN;1017;  25
 83; 5; 100; 100;Inp1; NaN; NaN; NaN;46060; NaN; NaN; NaN;  25
 83; 6; 100; 100;Inp2; NaN; NaN; NaN;46060; NaN; NaN; NaN;  25
 84; 1; 100; 100; Led;   0;  12;   -2;  998; 255;   1; NaN;  26
 84; 2; 100; 100;Snd1;   0;  26;   -1;  942;  55; 399;   0;  26
 84; 3; 100; 100;Snd2;   0;  12;   -1;  943;  55; 300;   0;  26
 84; 4; 100; 100; Acq; NaN; NaN;    0; 4000; NaN; NaN;1017;  26
 84; 5; 100; 100;Inp1; NaN; NaN; NaN;46060; NaN; NaN; NaN;  26
 84; 6; 100; 100;Inp2; NaN; NaN; NaN;46060; NaN; NaN; NaN;  26
 85; 1; 100; 100; Led;   0;  12;   -2;  998; 255;   1; NaN;  27
 85; 2; 100; 100;Snd1;   0;  27;   -1;  942;  55; 399;   0;  27
 85; 3; 100; 100;Snd2;   0;  12;   -1;  943;  55; 300;   0;  27
 85; 4; 100; 100; Acq; NaN; NaN;    0; 4000; NaN; NaN;1017;  27
 85; 5; 100; 100;Inp1; NaN; NaN; NaN;46060; NaN; NaN; NaN;  27
 85; 6; 100; 100;Inp2; NaN; NaN; NaN;46060; NaN; NaN; NaN;  27
 86; 1; 100; 100; Led;   0;  12;   -2;  998; 255;   1; NaN;  28
 86; 2; 100; 100;Snd1;   0;  28;   -1;  942;  55; 399;   0;  28
 86; 3; 100; 100;Snd2;   0;  12;   -1;  943;  55; 300;   0;  28
 86; 4; 100; 100; Acq; NaN; NaN;    0; 4000; NaN; NaN;1017;  28
 86; 5; 100; 100;Inp1; NaN; NaN; NaN;46060; NaN; NaN; NaN;  28
 86; 6; 100; 100;Inp2; NaN; NaN; NaN;46060; NaN; NaN; NaN;  28
 87; 1; 100; 100; Led;   0;  12;   -2;  998; 255;   1; NaN;  29
 87; 2; 100; 100;Snd1;   0;  29;   -1;  942;  55; 399;   0;  29
 87; 3; 100; 100;Snd2;   0;  12;   -1;  943;  55; 300;   0;  29
 87; 4; 100; 100; Acq; NaN; NaN;    0; 4000; NaN; NaN;1017;  29
 87; 5; 100; 100;Inp1; NaN; NaN; NaN;46060; NaN; NaN; NaN;  29
 87; 6; 100; 100;Inp2; NaN; NaN; NaN;46060; NaN; NaN; NaN;  29
 88; 1; 100; 100; Led; 180; 112;   -4;  996; 255;   1; NaN;  30
 88; 2; 100; 100; Led; 180; 113;   -3;  997; 255;   1; NaN;  30
 88; 3; 100; 100;Snd1; 180; 101;   -2;  942;  55; 399;   0;  30
 88; 4; 100; 100;Snd2; 180;  12;   -2;  942;  55; 300;   0;  30
 88; 5; 100; 100; Acq; NaN; NaN;    0; 4000; NaN; NaN;1017;  30
 88; 6; 100; 100;Inp1; NaN; NaN; NaN;46060; NaN; NaN; NaN;  30
 88; 7; 100; 100;Inp2; NaN; NaN; NaN;46060; NaN; NaN; NaN;  30
 89; 1; 100; 100; Led; 180; 112;   -4;  996; 255;   1; NaN;  31
 89; 2; 100; 100; Led; 180; 113;   -3;  997; 255;   1; NaN;  31
 89; 3; 100; 100;Snd1; 180; 102;   -2;  942;  55; 399;   0;  31
 89; 4; 100; 100;Snd2; 180;  12;   -2;  942;  55; 300;   0;  31
 89; 5; 100; 100; Acq; NaN; NaN;    0; 4000; NaN; NaN;1017;  31
 89; 6; 100; 100;Inp1; NaN; NaN; NaN;46060; NaN; NaN; NaN;  31
 89; 7; 100; 100;Inp2; NaN; NaN; NaN;46060; NaN; NaN; NaN;  31
 90; 1; 100; 100; Led; 180; 112;   -4;  997; 255;   1; NaN;  32
 90; 2; 100; 100; Led; 180; 113;   -3;  996; 255;   1; NaN;  32
 90; 3; 100; 100;Snd1; 180; 103;   -2;  942;  55; 399;   0;  32
 90; 4; 100; 100;Snd2; 180;  12;   -2;  942;  55; 300;   0;  32
 90; 5; 100; 100; Acq; NaN; NaN;    0; 4000; NaN; NaN;1017;  32
 90; 6; 100; 100;Inp1; NaN; NaN; NaN;46060; NaN; NaN; NaN;  32
 90; 7; 100; 100;Inp2; NaN; NaN; NaN;46060; NaN; NaN; NaN;  32
 91; 1; 100; 100; Led; 180; 112;   -4;  996; 255;   1; NaN;  33
 91; 2; 100; 100; Led; 180; 113;   -3;  997; 255;   1; NaN;  33
 91; 3; 100; 100;Snd1; 180; 104;   -2;  942;  55; 399;   0;  33
 91; 4; 100; 100;Snd2; 180;  12;   -2;  942;  55; 300;   0;  33
 91; 5; 100; 100; Acq; NaN; NaN;    0; 4000; NaN; NaN;1017;  33
 91; 6; 100; 100;Inp1; NaN; NaN; NaN;46060; NaN; NaN; NaN;  33
 91; 7; 100; 100;Inp2; NaN; NaN; NaN;46060; NaN; NaN; NaN;  33
 92; 1; 100; 100; Led; 180; 112;   -4;  996; 255;   1; NaN;  34
 92; 2; 100; 100; Led; 180; 113;   -3;  997; 255;   1; NaN;  34
 92; 3; 100; 100;Snd1; 180; 105;   -2;  942;  55; 399;   0;  34
 92; 4; 100; 100;Snd2; 180;  12;   -2;  942;  55; 300;   0;  34
 92; 5; 100; 100; Acq; NaN; NaN;    0; 4000; NaN; NaN;1017;  34
 92; 6; 100; 100;Inp1; NaN; NaN; NaN;46060; NaN; NaN; NaN;  34
 92; 7; 100; 100;Inp2; NaN; NaN; NaN;46060; NaN; NaN; NaN;  34
 93; 1; 100; 100; Led; 180; 112;   -4;  996; 255;   1; NaN;  35
 93; 2; 100; 100; Led; 180; 113;   -3;  997; 255;   1; NaN;  35
 93; 3; 100; 100;Snd1; 180; 106;   -2;  942;  55; 399;   0;  35
 93; 4; 100; 100;Snd2; 180;  12;   -2;  942;  55; 300;   0;  35
 93; 5; 100; 100; Acq; NaN; NaN;    0; 4000; NaN; NaN;1017;  35
 93; 6; 100; 100;Inp1; NaN; NaN; NaN;46060; NaN; NaN; NaN;  35
 93; 7; 100; 100;Inp2; NaN; NaN; NaN;46060; NaN; NaN; NaN;  35
 94; 1; 100; 100; Led; 180; 112;   -4;  996; 255;   1; NaN;  36
 94; 2; 100; 100; Led; 180; 113;   -3;  997; 255;   1; NaN;  36
 94; 3; 100; 100;Snd1; 180; 107;   -2;  942;  55; 399;   0;  36
 94; 4; 100; 100;Snd2; 180;  12;   -2;  942;  55; 300;   0;  36
 94; 5; 100; 100; Acq; NaN; NaN;    0; 4000; NaN; NaN;1017;  36
 94; 6; 100; 100;Inp1; NaN; NaN; NaN;46060; NaN; NaN; NaN;  36
 94; 7; 100; 100;Inp2; NaN; NaN; NaN;46060; NaN; NaN; NaN;  36
 95; 1; 100; 100; Led; 180; 112;   -4;  996; 255;   1; NaN;  37
 95; 2; 100; 100; Led; 180; 113;   -3;  997; 255;   1; NaN;  37
 95; 3; 100; 100;Snd1; 180; 108;   -2;  942;  55; 399;   0;  37
 95; 4; 100; 100;Snd2; 180;  12;   -2;  942;  55; 300;   0;  37
 95; 5; 100; 100; Acq; NaN; NaN;    0; 4000; NaN; NaN;1017;  37
 95; 6; 100; 100;Inp1; NaN; NaN; NaN;46060; NaN; NaN; NaN;  37
 95; 7; 100; 100;Inp2; NaN; NaN; NaN;46060; NaN; NaN; NaN;  37
 96; 1; 100; 100; Led; 180; 112;   -4;  996; 255;   1; NaN;  38
 96; 2; 100; 100; Led; 180; 113;   -3;  997; 255;   1; NaN;  38
 96; 3; 100; 100;Snd1; 180; 109;   -2;  942;  55; 399;   0;  38
 96; 4; 100; 100;Snd2; 180;  12;   -2;  942;  55; 300;   0;  38
 96; 5; 100; 100; Acq; NaN; NaN;    0; 4000; NaN; NaN;1017;  38
 96; 6; 100; 100;Inp1; NaN; NaN; NaN;46060; NaN; NaN; NaN;  38
 96; 7; 100; 100;Inp2; NaN; NaN; NaN;46060; NaN; NaN; NaN;  38
 97; 1; 100; 100; Led; 180; 112;   -4;  996; 255;   1; NaN;  39
 97; 2; 100; 100; Led; 180; 113;   -3;  997; 255;   1; NaN;  39
 97; 3; 100; 100;Snd1; 180; 110;   -2;  942;  55; 399;   0;  39
 97; 4; 100; 100;Snd2; 180;  12;   -2;  942;  55; 300;   0;  39
 97; 5; 100; 100; Acq; NaN; NaN;    0; 4000; NaN; NaN;1017;  39
 97; 6; 100; 100;Inp1; NaN; NaN; NaN;46060; NaN; NaN; NaN;  39
 97; 7; 100; 100;Inp2; NaN; NaN; NaN;46060; NaN; NaN; NaN;  39
 98; 1; 100; 100; Led; 180; 112;   -4;  997; 255;   1; NaN;  40
 98; 2; 100; 100; Led; 180; 113;   -3;  996; 255;   1; NaN;  40
 98; 3; 100; 100;Snd1; 180; 111;   -2;  942;  55; 399;   0;  40
 98; 4; 100; 100;Snd2; 180;  12;   -2;  942;  55; 300;   0;  40
 98; 5; 100; 100; Acq; NaN; NaN;    0; 4000; NaN; NaN;1017;  40
 98; 6; 100; 100;Inp1; NaN; NaN; NaN;46060; NaN; NaN; NaN;  40
 98; 7; 100; 100;Inp2; NaN; NaN; NaN;46060; NaN; NaN; NaN;  40
 99; 1; 100; 100; Led; 180; 112;   -4;  996; 255;   1; NaN;  41
 99; 2; 100; 100; Led; 180; 113;   -3;  997; 255;   1; NaN;  41
 99; 3; 100; 100;Snd1; 180; 112;   -2;  942;  55; 399;   0;  41
 99; 4; 100; 100;Snd2; 180;  13;   -2;  942;  55; 300;   0;  41
 99; 5; 100; 100; Acq; NaN; NaN;    0; 4000; NaN; NaN;1017;  41
 99; 6; 100; 100;Inp1; NaN; NaN; NaN;46060; NaN; NaN; NaN;  41
 99; 7; 100; 100;Inp2; NaN; NaN; NaN;46060; NaN; NaN; NaN;  41
100; 1; 100; 100; Led; 180; 112;   -4;  996; 255;   1; NaN;  42
100; 2; 100; 100; Led; 180; 113;   -3;  997; 255;   1; NaN;  42
100; 3; 100; 100;Snd1; 180; 113;   -2;  942;  55; 399;   0;  42
100; 4; 100; 100;Snd2; 180;  12;   -2;  942;  55; 300;   0;  42
100; 5; 100; 100; Acq; NaN; NaN;    0; 4000; NaN; NaN;1017;  42
100; 6; 100; 100;Inp1; NaN; NaN; NaN;46060; NaN; NaN; NaN;  42
100; 7; 100; 100;Inp2; NaN; NaN; NaN;46060; NaN; NaN; NaN;  42
101; 1; 100; 100; Led; 180; 112;   -4;  996; 255;   1; NaN;  43
101; 2; 100; 100; Led; 180; 113;   -3;  997; 255;   1; NaN;  43
101; 3; 100; 100;Snd1; 180; 114;   -2;  942;  55; 399;   0;  43
101; 4; 100; 100;Snd2; 180;  12;   -2;  942;  55; 300;   0;  43
101; 5; 100; 100; Acq; NaN; NaN;    0; 4000; NaN; NaN;1017;  43
101; 6; 100; 100;Inp1; NaN; NaN; NaN;46060; NaN; NaN; NaN;  43
101; 7; 100; 100;Inp2; NaN; NaN; NaN;46060; NaN; NaN; NaN;  43
102; 1; 100; 100; Led; 180; 112;   -4;  996; 255;   1; NaN;  44
102; 2; 100; 100; Led; 180; 113;   -3;  997; 255;   1; NaN;  44
102; 3; 100; 100;Snd1; 180; 115;   -2;  942;  55; 399;   0;  44
102; 4; 100; 100;Snd2; 180;  12;   -2;  942;  55; 300;   0;  44
102; 5; 100; 100; Acq; NaN; NaN;    0; 4000; NaN; NaN;1017;  44
102; 6; 100; 100;Inp1; NaN; NaN; NaN;46060; NaN; NaN; NaN;  44
102; 7; 100; 100;Inp2; NaN; NaN; NaN;46060; NaN; NaN; NaN;  44
103; 1; 100; 100; Led; 180; 112;   -4;  996; 255;   1; NaN;  45
103; 2; 100; 100; Led; 180; 113;   -3;  997; 255;   1; NaN;  45
103; 3; 100; 100;Snd1; 180; 116;   -2;  942;  55; 399;   0;  45
103; 4; 100; 100;Snd2; 180;  12;   -2;  942;  55; 300;   0;  45
103; 5; 100; 100; Acq; NaN; NaN;    0; 4000; NaN; NaN;1017;  45
103; 6; 100; 100;Inp1; NaN; NaN; NaN;46060; NaN; NaN; NaN;  45
103; 7; 100; 100;Inp2; NaN; NaN; NaN;46060; NaN; NaN; NaN;  45
104; 1; 100; 100; Led; 180; 112;   -4;  997; 255;   1; NaN;  46
104; 2; 100; 100; Led; 180; 113;   -3;  996; 255;   1; NaN;  46
104; 3; 100; 100;Snd1; 180; 117;   -2;  942;  55; 399;   0;  46
104; 4; 100; 100;Snd2; 180;  12;   -2;  942;  55; 300;   0;  46
104; 5; 100; 100; Acq; NaN; NaN;    0; 4000; NaN; NaN;1017;  46
104; 6; 100; 100;Inp1; NaN; NaN; NaN;46060; NaN; NaN; NaN;  46
104; 7; 100; 100;Inp2; NaN; NaN; NaN;46060; NaN; NaN; NaN;  46
105; 1; 100; 100; Led; 180; 112;   -4;  996; 255;   1; NaN;  47
105; 2; 100; 100; Led; 180; 113;   -3;  997; 255;   1; NaN;  47
105; 3; 100; 100;Snd1; 180; 118;   -2;  942;  55; 399;   0;  47
105; 4; 100; 100;Snd2; 180;  12;   -2;  942;  55; 300;   0;  47
105; 5; 100; 100; Acq; NaN; NaN;    0; 4000; NaN; NaN;1017;  47
105; 6; 100; 100;Inp1; NaN; NaN; NaN;46060; NaN; NaN; NaN;  47
105; 7; 100; 100;Inp2; NaN; NaN; NaN;46060; NaN; NaN; NaN;  47
106; 1; 100; 100; Led; 180; 112;   -4;  996; 255;   1; NaN;  48
106; 2; 100; 100; Led; 180; 113;   -3;  997; 255;   1; NaN;  48
106; 3; 100; 100;Snd1; 180; 119;   -2;  942;  55; 399;   0;  48
106; 4; 100; 100;Snd2; 180;  12;   -2;  942;  55; 300;   0;  48
106; 5; 100; 100; Acq; NaN; NaN;    0; 4000; NaN; NaN;1017;  48
106; 6; 100; 100;Inp1; NaN; NaN; NaN;46060; NaN; NaN; NaN;  48
106; 7; 100; 100;Inp2; NaN; NaN; NaN;46060; NaN; NaN; NaN;  48
107; 1; 100; 100; Led; 180; 112;   -4;  996; 255;   1; NaN;  49
107; 2; 100; 100; Led; 180; 113;   -3;  997; 255;   1; NaN;  49
107; 3; 100; 100;Snd1; 180; 120;   -2;  942;  55; 399;   0;  49
107; 4; 100; 100;Snd2; 180;  12;   -2;  942;  55; 300;   0;  49
107; 5; 100; 100; Acq; NaN; NaN;    0; 4000; NaN; NaN;1017;  49
107; 6; 100; 100;Inp1; NaN; NaN; NaN;46060; NaN; NaN; NaN;  49
107; 7; 100; 100;Inp2; NaN; NaN; NaN;46060; NaN; NaN; NaN;  49
108; 1; 100; 100; Led; 180; 112;   -4;  996; 255;   1; NaN;  50
108; 2; 100; 100; Led; 180; 113;   -3;  997; 255;   1; NaN;  50
108; 3; 100; 100;Snd1; 180; 121;   -2;  942;  55; 399;   0;  50
108; 4; 100; 100;Snd2; 180;  12;   -2;  942;  55; 300;   0;  50
108; 5; 100; 100; Acq; NaN; NaN;    0; 4000; NaN; NaN;1017;  50
108; 6; 100; 100;Inp1; NaN; NaN; NaN;46060; NaN; NaN; NaN;  50
108; 7; 100; 100;Inp2; NaN; NaN; NaN;46060; NaN; NaN; NaN;  50
109; 1; 100; 100; Led; 180; 112;   -4;  996; 255;   1; NaN;  51
109; 2; 100; 100; Led; 180; 113;   -3;  997; 255;   1; NaN;  51
109; 3; 100; 100;Snd1; 180; 122;   -2;  942;  55; 399;   0;  51
109; 4; 100; 100;Snd2; 180;  12;   -2;  942;  55; 300;   0;  51
109; 5; 100; 100; Acq; NaN; NaN;    0; 4000; NaN; NaN;1017;  51
109; 6; 100; 100;Inp1; NaN; NaN; NaN;46060; NaN; NaN; NaN;  51
109; 7; 100; 100;Inp2; NaN; NaN; NaN;46060; NaN; NaN; NaN;  51
110; 1; 100; 100; Led; 180; 112;   -4;  996; 255;   1; NaN;  52
110; 2; 100; 100; Led; 180; 113;   -3;  997; 255;   1; NaN;  52
110; 3; 100; 100;Snd1; 180; 123;   -2;  942;  55; 399;   0;  52
110; 4; 100; 100;Snd2; 180;  12;   -2;  942;  55; 300;   0;  52
110; 5; 100; 100; Acq; NaN; NaN;    0; 4000; NaN; NaN;1017;  52
110; 6; 100; 100;Inp1; NaN; NaN; NaN;46060; NaN; NaN; NaN;  52
110; 7; 100; 100;Inp2; NaN; NaN; NaN;46060; NaN; NaN; NaN;  52
111; 1; 100; 100; Led; 180; 112;   -4;  996; 255;   1; NaN;  53
111; 2; 100; 100; Led; 180; 113;   -3;  997; 255;   1; NaN;  53
111; 3; 100; 100;Snd1; 180; 124;   -2;  942;  55; 399;   0;  53
111; 4; 100; 100;Snd2; 180;  12;   -2;  942;  55; 300;   0;  53
111; 5; 100; 100; Acq; NaN; NaN;    0; 4000; NaN; NaN;1017;  53
111; 6; 100; 100;Inp1; NaN; NaN; NaN;46060; NaN; NaN; NaN;  53
111; 7; 100; 100;Inp2; NaN; NaN; NaN;46060; NaN; NaN; NaN;  53
112; 1; 100; 100; Led; 180; 112;   -4;  996; 255;   1; NaN;  54
112; 2; 100; 100; Led; 180; 113;   -3;  997; 255;   1; NaN;  54
112; 3; 100; 100;Snd1; 180; 125;   -2;  942;  55; 399;   0;  54
112; 4; 100; 100;Snd2; 180;  12;   -2;  942;  55; 300;   0;  54
112; 5; 100; 100; Acq; NaN; NaN;    0; 4000; NaN; NaN;1017;  54
112; 6; 100; 100;Inp1; NaN; NaN; NaN;46060; NaN; NaN; NaN;  54
112; 7; 100; 100;Inp2; NaN; NaN; NaN;46060; NaN; NaN; NaN;  54
113; 1; 100; 100; Led; 180; 112;   -4;  996; 255;   1; NaN;  55
113; 2; 100; 100; Led; 180; 113;   -3;  997; 255;   1; NaN;  55
113; 3; 100; 100;Snd1; 180; 126;   -2;  942;  55; 399;   0;  55
113; 4; 100; 100;Snd2; 180;  12;   -2;  942;  55; 300;   0;  55
113; 5; 100; 100; Acq; NaN; NaN;    0; 4000; NaN; NaN;1017;  55
113; 6; 100; 100;Inp1; NaN; NaN; NaN;46060; NaN; NaN; NaN;  55
113; 7; 100; 100;Inp2; NaN; NaN; NaN;46060; NaN; NaN; NaN;  55
114; 1; 100; 100; Led; 180; 112;   -4;  996; 255;   1; NaN;  56
114; 2; 100; 100; Led; 180; 113;   -3;  997; 255;   1; NaN;  56
114; 3; 100; 100;Snd1; 180; 127;   -2;  942;  55; 399;   0;  56
114; 4; 100; 100;Snd2; 180;  12;   -2;  942;  55; 300;   0;  56
114; 5; 100; 100; Acq; NaN; NaN;    0; 4000; NaN; NaN;1017;  56
114; 6; 100; 100;Inp1; NaN; NaN; NaN;46060; NaN; NaN; NaN;  56
114; 7; 100; 100;Inp2; NaN; NaN; NaN;46060; NaN; NaN; NaN;  56
115; 1; 100; 100; Led; 180; 112;   -4;  996; 255;   1; NaN;  57
115; 2; 100; 100; Led; 180; 113;   -3;    2; 255;   1; NaN;  57
115; 3; 100; 100;Snd1; 180; 128;   -2;  942;  55; 399;   0;  57
115; 4; 100; 100;Snd2; 180;  12;   -2;  942;  55; 300;   0;  57
115; 5; 100; 100; Acq; NaN; NaN;    0; 4000; NaN; NaN;1017;  57
115; 6; 100; 100;Inp1; NaN; NaN; NaN;46060; NaN; NaN; NaN;  57
115; 7; 100; 100;Inp2; NaN; NaN; NaN;46060; NaN; NaN; NaN;  57
116; 1; 100; 100; Led; 180; 112;   -4;  996; 255;   1; NaN;  58
116; 2; 100; 100; Led; 180; 113;   -3;  997; 255;   1; NaN;  58
116; 3; 100; 100;Snd1; 180; 129;   -2;  942;  55; 399;   0;  58
116; 4; 100; 100;Snd2; 180;  12;   -2;  942;  55; 300;   0;  58
116; 5; 100; 100; Acq; NaN; NaN;    0; 4000; NaN; NaN;1017;  58
116; 6; 100; 100;Inp1; NaN; NaN; NaN;46060; NaN; NaN; NaN;  58
116; 7; 100; 100;Inp2; NaN; NaN; NaN;46060; NaN; NaN; NaN;  58
117; 1; 100; 100; Led;   0;  12;   -2;  998; 255;   1; NaN;   1
117; 2; 100; 100;Snd1;   0;   1;   -1;  942;  55; 399;   0;   1
117; 3; 100; 100;Snd2;   0;  12;   -1;  943;  55; 300;   0;   1
117; 4; 100; 100; Acq; NaN; NaN;    0; 4000; NaN; NaN;1017;   1
117; 5; 100; 100;Inp1; NaN; NaN; NaN;46060; NaN; NaN; NaN;   1
117; 6; 100; 100;Inp2; NaN; NaN; NaN;46060; NaN; NaN; NaN;   1
118; 1; 100; 100; Led;   0;  12;   -2;  998; 255;   1; NaN;   2
118; 2; 100; 100;Snd1;   0;   2;   -1;  942;  55; 399;   0;   2
118; 3; 100; 100;Snd2;   0;  12;   -1;  943;  55; 300;   0;   2
118; 4; 100; 100; Acq; NaN; NaN;    0; 4000; NaN; NaN;1017;   2
118; 5; 100; 100;Inp1; NaN; NaN; NaN;46060; NaN; NaN; NaN;   2
118; 6; 100; 100;Inp2; NaN; NaN; NaN;46060; NaN; NaN; NaN;   2
119; 1; 100; 100; Led;   0;  12;   -2;  998; 255;   1; NaN;   3
119; 2; 100; 100;Snd1;   0;   3;   -1;  942;  55; 399;   0;   3
119; 3; 100; 100;Snd2;   0;  12;   -1;  943;  55; 300;   0;   3
119; 4; 100; 100; Acq; NaN; NaN;    0; 4000; NaN; NaN;1017;   3
119; 5; 100; 100;Inp1; NaN; NaN; NaN;46060; NaN; NaN; NaN;   3
119; 6; 100; 100;Inp2; NaN; NaN; NaN;46060; NaN; NaN; NaN;   3
120; 1; 100; 100; Led;   0;  12;   -2;  998; 255;   1; NaN;   4
120; 2; 100; 100;Snd1;   0;   4;   -1;  942;  55; 399;   0;   4
120; 3; 100; 100;Snd2;   0;  12;   -1;  943;  55; 300;   0;   4
120; 4; 100; 100; Acq; NaN; NaN;    0; 4000; NaN; NaN;1017;   4
120; 5; 100; 100;Inp1; NaN; NaN; NaN;46060; NaN; NaN; NaN;   4
120; 6; 100; 100;Inp2; NaN; NaN; NaN;46060; NaN; NaN; NaN;   4
121; 1; 100; 100; Led;   0;  12;   -2;  998; 255;   1; NaN;   5
121; 2; 100; 100;Snd1;   0;   5;   -1;  943;  55; 399;   0;   5
121; 3; 100; 100;Snd2;   0;  12;   -1;  942;  55; 300;   0;   5
121; 4; 100; 100; Acq; NaN; NaN;    0; 4000; NaN; NaN;1017;   5
121; 5; 100; 100;Inp1; NaN; NaN; NaN;46060; NaN; NaN; NaN;   5
121; 6; 100; 100;Inp2; NaN; NaN; NaN;46060; NaN; NaN; NaN;   5
122; 1; 100; 100; Led;   0;  12;   -2;  998; 255;   1; NaN;   6
122; 2; 100; 100;Snd1;   0;   6;   -1;  942;  55; 399;   0;   6
122; 3; 100; 100;Snd2;   0;  12;   -1;  943;  55; 300;   0;   6
122; 4; 100; 100; Acq; NaN; NaN;    0; 4000; NaN; NaN;1017;   6
122; 5; 100; 100;Inp1; NaN; NaN; NaN;46060; NaN; NaN; NaN;   6
122; 6; 100; 100;Inp2; NaN; NaN; NaN;46060; NaN; NaN; NaN;   6
123; 1; 100; 100; Led;   0;  12;   -2;  998; 255;   1; NaN;   7
123; 2; 100; 100;Snd1;   0;   7;   -1;  942;  55; 399;   0;   7
123; 3; 100; 100;Snd2;   0;  12;   -1;  943;  55; 300;   0;   7
123; 4; 100; 100; Acq; NaN; NaN;    0; 4000; NaN; NaN;1017;   7
123; 5; 100; 100;Inp1; NaN; NaN; NaN;46060; NaN; NaN; NaN;   7
123; 6; 100; 100;Inp2; NaN; NaN; NaN;46060; NaN; NaN; NaN;   7
124; 1; 100; 100; Led;   0;  12;   -2;  998; 255;   1; NaN;   8
124; 2; 100; 100;Snd1;   0;   8;   -1;  942;  55; 399;   0;   8
124; 3; 100; 100;Snd2;   0;  12;   -1;  943;  55; 300;   0;   8
124; 4; 100; 100; Acq; NaN; NaN;    0; 4000; NaN; NaN;1017;   8
124; 5; 100; 100;Inp1; NaN; NaN; NaN;46060; NaN; NaN; NaN;   8
124; 6; 100; 100;Inp2; NaN; NaN; NaN;46060; NaN; NaN; NaN;   8
125; 1; 100; 100; Led;   0;  12;   -2;  998; 255;   1; NaN;   9
125; 2; 100; 100;Snd1;   0;   9;   -1;  942;  55; 399;   0;   9
125; 3; 100; 100;Snd2;   0;  12;   -1;  943;  55; 300;   0;   9
125; 4; 100; 100; Acq; NaN; NaN;    0; 4000; NaN; NaN;1017;   9
125; 5; 100; 100;Inp1; NaN; NaN; NaN;46060; NaN; NaN; NaN;   9
125; 6; 100; 100;Inp2; NaN; NaN; NaN;46060; NaN; NaN; NaN;   9
126; 1; 100; 100; Led;   0;  12;   -2;  998; 255;   1; NaN;  10
126; 2; 100; 100;Snd1;   0;  10;   -1;  942;  55; 399;   0;  10
126; 3; 100; 100;Snd2;   0;  12;   -1;  943;  55; 300;   0;  10
126; 4; 100; 100; Acq; NaN; NaN;    0; 4000; NaN; NaN;1017;  10
126; 5; 100; 100;Inp1; NaN; NaN; NaN;46060; NaN; NaN; NaN;  10
126; 6; 100; 100;Inp2; NaN; NaN; NaN;46060; NaN; NaN; NaN;  10
127; 1; 100; 100; Led;   0;  12;   -2;  998; 255;   1; NaN;  11
127; 2; 100; 100;Snd1;   0;  11;   -1;  942;  55; 399;   0;  11
127; 3; 100; 100;Snd2;   0;  12;   -1;  943;  55; 300;   0;  11
127; 4; 100; 100; Acq; NaN; NaN;    0; 4000; NaN; NaN;1017;  11
127; 5; 100; 100;Inp1; NaN; NaN; NaN;46060; NaN; NaN; NaN;  11
127; 6; 100; 100;Inp2; NaN; NaN; NaN;46060; NaN; NaN; NaN;  11
128; 1; 100; 100; Led;   0;  12;   -2;  998; 255;   1; NaN;  12
128; 2; 100; 100;Snd1;   0;  12;   -1;  942;  55; 399;   0;  12
128; 3; 100; 100;Snd2;   0;  13;   -1;  943;  55; 300;   0;  12
128; 4; 100; 100; Acq; NaN; NaN;    0; 4000; NaN; NaN;1017;  12
128; 5; 100; 100;Inp1; NaN; NaN; NaN;46060; NaN; NaN; NaN;  12
128; 6; 100; 100;Inp2; NaN; NaN; NaN;46060; NaN; NaN; NaN;  12
129; 1; 100; 100; Led;   0;  12;   -2;  998; 255;   1; NaN;  13
129; 2; 100; 100;Snd1;   0;  13;   -1;  942;  55; 399;   0;  13
129; 3; 100; 100;Snd2;   0;  12;   -1;  943;  55; 300;   0;  13
129; 4; 100; 100; Acq; NaN; NaN;    0; 4000; NaN; NaN;1017;  13
129; 5; 100; 100;Inp1; NaN; NaN; NaN;46060; NaN; NaN; NaN;  13
129; 6; 100; 100;Inp2; NaN; NaN; NaN;46060; NaN; NaN; NaN;  13
130; 1; 100; 100; Led;   0;  12;   -2;  998; 255;   1; NaN;  14
130; 2; 100; 100;Snd1;   0;  14;   -1;  942;  55; 399;   0;  14
130; 3; 100; 100;Snd2;   0;  12;   -1;  943;  55; 300;   0;  14
130; 4; 100; 100; Acq; NaN; NaN;    0; 4000; NaN; NaN;1017;  14
130; 5; 100; 100;Inp1; NaN; NaN; NaN;46060; NaN; NaN; NaN;  14
130; 6; 100; 100;Inp2; NaN; NaN; NaN;46060; NaN; NaN; NaN;  14
131; 1; 100; 100; Led;   0;  12;   -2;  998; 255;   1; NaN;  15
131; 2; 100; 100;Snd1;   0;  15;   -1;  943;  55; 399;   0;  15
131; 3; 100; 100;Snd2;   0;  12;   -1;  942;  55; 300;   0;  15
131; 4; 100; 100; Acq; NaN; NaN;    0; 4000; NaN; NaN;1017;  15
131; 5; 100; 100;Inp1; NaN; NaN; NaN;46060; NaN; NaN; NaN;  15
131; 6; 100; 100;Inp2; NaN; NaN; NaN;46060; NaN; NaN; NaN;  15
132; 1; 100; 100; Led;   0;  12;   -2;  998; 255;   1; NaN;  16
132; 2; 100; 100;Snd1;   0;  16;   -1;  942;  55; 399;   0;  16
132; 3; 100; 100;Snd2;   0;  12;   -1;  943;  55; 300;   0;  16
132; 4; 100; 100; Acq; NaN; NaN;    0; 4000; NaN; NaN;1017;  16
132; 5; 100; 100;Inp1; NaN; NaN; NaN;46060; NaN; NaN; NaN;  16
132; 6; 100; 100;Inp2; NaN; NaN; NaN;46060; NaN; NaN; NaN;  16
133; 1; 100; 100; Led;   0;  12;   -2;  998; 255;   1; NaN;  17
133; 2; 100; 100;Snd1;   0;  17;   -1;  942;  55; 399;   0;  17
133; 3; 100; 100;Snd2;   0;  12;   -1;  943;  55; 300;   0;  17
133; 4; 100; 100; Acq; NaN; NaN;    0; 4000; NaN; NaN;1017;  17
133; 5; 100; 100;Inp1; NaN; NaN; NaN;46060; NaN; NaN; NaN;  17
133; 6; 100; 100;Inp2; NaN; NaN; NaN;46060; NaN; NaN; NaN;  17
134; 1; 100; 100; Led;   0;  12;   -2;  998; 255;   1; NaN;  18
134; 2; 100; 100;Snd1;   0;  18;   -1;  942;  55; 399;   0;  18
134; 3; 100; 100;Snd2;   0;  12;   -1;  943;  55; 300;   0;  18
134; 4; 100; 100; Acq; NaN; NaN;    0; 4000; NaN; NaN;1017;  18
134; 5; 100; 100;Inp1; NaN; NaN; NaN;46060; NaN; NaN; NaN;  18
134; 6; 100; 100;Inp2; NaN; NaN; NaN;46060; NaN; NaN; NaN;  18
135; 1; 100; 100; Led;   0;  12;   -2;  998; 255;   1; NaN;  19
135; 2; 100; 100;Snd1;   0;  19;   -1;  942;  55; 399;   0;  19
135; 3; 100; 100;Snd2;   0;  12;   -1;  943;  55; 300;   0;  19
135; 4; 100; 100; Acq; NaN; NaN;    0; 4000; NaN; NaN;1017;  19
135; 5; 100; 100;Inp1; NaN; NaN; NaN;46060; NaN; NaN; NaN;  19
135; 6; 100; 100;Inp2; NaN; NaN; NaN;46060; NaN; NaN; NaN;  19
136; 1; 100; 100; Led;   0;  12;   -2;  998; 255;   1; NaN;  20
136; 2; 100; 100;Snd1;   0;  20;   -1;  942;  55; 399;   0;  20
136; 3; 100; 100;Snd2;   0;  12;   -1;  943;  55; 300;   0;  20
136; 4; 100; 100; Acq; NaN; NaN;    0; 4000; NaN; NaN;1017;  20
136; 5; 100; 100;Inp1; NaN; NaN; NaN;46060; NaN; NaN; NaN;  20
136; 6; 100; 100;Inp2; NaN; NaN; NaN;46060; NaN; NaN; NaN;  20
137; 1; 100; 100; Led;   0;  12;   -2;  998; 255;   1; NaN;  21
137; 2; 100; 100;Snd1;   0;  21;   -1;  942;  55; 399;   0;  21
137; 3; 100; 100;Snd2;   0;  12;   -1;  943;  55; 300;   0;  21
137; 4; 100; 100; Acq; NaN; NaN;    0; 4000; NaN; NaN;1017;  21
137; 5; 100; 100;Inp1; NaN; NaN; NaN;46060; NaN; NaN; NaN;  21
137; 6; 100; 100;Inp2; NaN; NaN; NaN;46060; NaN; NaN; NaN;  21
138; 1; 100; 100; Led;   0;  12;   -2;  998; 255;   1; NaN;  22
138; 2; 100; 100;Snd1;   0;  22;   -1;  942;  55; 399;   0;  22
138; 3; 100; 100;Snd2;   0;  12;   -1;  943;  55; 300;   0;  22
138; 4; 100; 100; Acq; NaN; NaN;    0; 4000; NaN; NaN;1017;  22
138; 5; 100; 100;Inp1; NaN; NaN; NaN;46060; NaN; NaN; NaN;  22
138; 6; 100; 100;Inp2; NaN; NaN; NaN;46060; NaN; NaN; NaN;  22
139; 1; 100; 100; Led;   0;  12;   -2;  998; 255;   1; NaN;  23
139; 2; 100; 100;Snd1;   0;  23;   -1;  943;  55; 399;   0;  23
139; 3; 100; 100;Snd2;   0;  12;   -1;  942;  55; 300;   0;  23
139; 4; 100; 100; Acq; NaN; NaN;    0; 4000; NaN; NaN;1017;  23
139; 5; 100; 100;Inp1; NaN; NaN; NaN;46060; NaN; NaN; NaN;  23
139; 6; 100; 100;Inp2; NaN; NaN; NaN;46060; NaN; NaN; NaN;  23
140; 1; 100; 100; Led;   0;  12;   -2;  998; 255;   1; NaN;  24
140; 2; 100; 100;Snd1;   0;  24;   -1;  942;  55; 399;   0;  24
140; 3; 100; 100;Snd2;   0;  12;   -1;  943;  55; 300;   0;  24
140; 4; 100; 100; Acq; NaN; NaN;    0; 4000; NaN; NaN;1017;  24
140; 5; 100; 100;Inp1; NaN; NaN; NaN;46060; NaN; NaN; NaN;  24
140; 6; 100; 100;Inp2; NaN; NaN; NaN;46060; NaN; NaN; NaN;  24
141; 1; 100; 100; Led;   0;  12;   -2;  998; 255;   1; NaN;  25
141; 2; 100; 100;Snd1;   0;  25;   -1;  942;  55; 399;   0;  25
141; 3; 100; 100;Snd2;   0;  12;   -1;  943;  55; 300;   0;  25
141; 4; 100; 100; Acq; NaN; NaN;    0; 4000; NaN; NaN;1017;  25
141; 5; 100; 100;Inp1; NaN; NaN; NaN;46060; NaN; NaN; NaN;  25
141; 6; 100; 100;Inp2; NaN; NaN; NaN;46060; NaN; NaN; NaN;  25
142; 1; 100; 100; Led;   0;  12;   -2;  998; 255;   1; NaN;  26
142; 2; 100; 100;Snd1;   0;  26;   -1;  942;  55; 399;   0;  26
142; 3; 100; 100;Snd2;   0;  12;   -1;  943;  55; 300;   0;  26
142; 4; 100; 100; Acq; NaN; NaN;    0; 4000; NaN; NaN;1017;  26
142; 5; 100; 100;Inp1; NaN; NaN; NaN;46060; NaN; NaN; NaN;  26
142; 6; 100; 100;Inp2; NaN; NaN; NaN;46060; NaN; NaN; NaN;  26
143; 1; 100; 100; Led;   0;  12;   -2;  998; 255;   1; NaN;  27
143; 2; 100; 100;Snd1;   0;  27;   -1;  942;  55; 399;   0;  27
143; 3; 100; 100;Snd2;   0;  12;   -1;  943;  55; 300;   0;  27
143; 4; 100; 100; Acq; NaN; NaN;    0; 4000; NaN; NaN;1017;  27
143; 5; 100; 100;Inp1; NaN; NaN; NaN;46060; NaN; NaN; NaN;  27
143; 6; 100; 100;Inp2; NaN; NaN; NaN;46060; NaN; NaN; NaN;  27
144; 1; 100; 100; Led;   0;  12;   -2;  998; 255;   1; NaN;  28
144; 2; 100; 100;Snd1;   0;  28;   -1;  943;  55; 399;   0;  28
144; 3; 100; 100;Snd2;   0;  12;   -1;  942;  55; 300;   0;  28
144; 4; 100; 100; Acq; NaN; NaN;    0; 4000; NaN; NaN;1017;  28
144; 5; 100; 100;Inp1; NaN; NaN; NaN;46060; NaN; NaN; NaN;  28
144; 6; 100; 100;Inp2; NaN; NaN; NaN;46060; NaN; NaN; NaN;  28
145; 1; 100; 100; Led;   0;  12;   -2;  998; 255;   1; NaN;  29
145; 2; 100; 100;Snd1;   0;  29;   -1;  943;  55; 399;   0;  29
145; 3; 100; 100;Snd2;   0;  12;   -1;  942;  55; 300;   0;  29
145; 4; 100; 100; Acq; NaN; NaN;    0; 4000; NaN; NaN;1017;  29
145; 5; 100; 100;Inp1; NaN; NaN; NaN;46060; NaN; NaN; NaN;  29
145; 6; 100; 100;Inp2; NaN; NaN; NaN;46060; NaN; NaN; NaN;  29
146; 1; 100; 100; Led; 180; 112;   -4;  996; 255;   1; NaN;  30
146; 2; 100; 100; Led; 180; 113;   -3;  997; 255;   1; NaN;  30
146; 3; 100; 100;Snd1; 180; 101;   -2;  942;  55; 399;   0;  30
146; 4; 100; 100;Snd2; 180;  12;   -2;  942;  55; 300;   0;  30
146; 5; 100; 100; Acq; NaN; NaN;    0; 4000; NaN; NaN;1017;  30
146; 6; 100; 100;Inp1; NaN; NaN; NaN;46060; NaN; NaN; NaN;  30
146; 7; 100; 100;Inp2; NaN; NaN; NaN;46060; NaN; NaN; NaN;  30
147; 1; 100; 100; Led; 180; 112;   -4;  997; 255;   1; NaN;  31
147; 2; 100; 100; Led; 180; 113;   -3;  996; 255;   1; NaN;  31
147; 3; 100; 100;Snd1; 180; 102;   -2;  942;  55; 399;   0;  31
147; 4; 100; 100;Snd2; 180;  12;   -2;  942;  55; 300;   0;  31
147; 5; 100; 100; Acq; NaN; NaN;    0; 4000; NaN; NaN;1017;  31
147; 6; 100; 100;Inp1; NaN; NaN; NaN;46060; NaN; NaN; NaN;  31
147; 7; 100; 100;Inp2; NaN; NaN; NaN;46060; NaN; NaN; NaN;  31
148; 1; 100; 100; Led; 180; 112;   -4;  996; 255;   1; NaN;  32
148; 2; 100; 100; Led; 180; 113;   -3;  997; 255;   1; NaN;  32
148; 3; 100; 100;Snd1; 180; 103;   -2;  942;  55; 399;   0;  32
148; 4; 100; 100;Snd2; 180;  12;   -2;  942;  55; 300;   0;  32
148; 5; 100; 100; Acq; NaN; NaN;    0; 4000; NaN; NaN;1017;  32
148; 6; 100; 100;Inp1; NaN; NaN; NaN;46060; NaN; NaN; NaN;  32
148; 7; 100; 100;Inp2; NaN; NaN; NaN;46060; NaN; NaN; NaN;  32
149; 1; 100; 100; Led; 180; 112;   -4;  996; 255;   1; NaN;  33
149; 2; 100; 100; Led; 180; 113;   -3;  997; 255;   1; NaN;  33
149; 3; 100; 100;Snd1; 180; 104;   -2;  942;  55; 399;   0;  33
149; 4; 100; 100;Snd2; 180;  12;   -2;  942;  55; 300;   0;  33
149; 5; 100; 100; Acq; NaN; NaN;    0; 4000; NaN; NaN;1017;  33
149; 6; 100; 100;Inp1; NaN; NaN; NaN;46060; NaN; NaN; NaN;  33
149; 7; 100; 100;Inp2; NaN; NaN; NaN;46060; NaN; NaN; NaN;  33
150; 1; 100; 100; Led; 180; 112;   -4;  996; 255;   1; NaN;  34
150; 2; 100; 100; Led; 180; 113;   -3;  997; 255;   1; NaN;  34
150; 3; 100; 100;Snd1; 180; 105;   -2;  942;  55; 399;   0;  34
150; 4; 100; 100;Snd2; 180;  12;   -2;  942;  55; 300;   0;  34
150; 5; 100; 100; Acq; NaN; NaN;    0; 4000; NaN; NaN;1017;  34
150; 6; 100; 100;Inp1; NaN; NaN; NaN;46060; NaN; NaN; NaN;  34
150; 7; 100; 100;Inp2; NaN; NaN; NaN;46060; NaN; NaN; NaN;  34
151; 1; 100; 100; Led; 180; 112;   -4;  996; 255;   1; NaN;  35
151; 2; 100; 100; Led; 180; 113;   -3;  997; 255;   1; NaN;  35
151; 3; 100; 100;Snd1; 180; 106;   -2;  942;  55; 399;   0;  35
151; 4; 100; 100;Snd2; 180;  12;   -2;  942;  55; 300;   0;  35
151; 5; 100; 100; Acq; NaN; NaN;    0; 4000; NaN; NaN;1017;  35
151; 6; 100; 100;Inp1; NaN; NaN; NaN;46060; NaN; NaN; NaN;  35
151; 7; 100; 100;Inp2; NaN; NaN; NaN;46060; NaN; NaN; NaN;  35
152; 1; 100; 100; Led; 180; 112;   -4;  996; 255;   1; NaN;  36
152; 2; 100; 100; Led; 180; 113;   -3;  997; 255;   1; NaN;  36
152; 3; 100; 100;Snd1; 180; 107;   -2;  942;  55; 399;   0;  36
152; 4; 100; 100;Snd2; 180;  12;   -2;  942;  55; 300;   0;  36
152; 5; 100; 100; Acq; NaN; NaN;    0; 4000; NaN; NaN;1017;  36
152; 6; 100; 100;Inp1; NaN; NaN; NaN;46060; NaN; NaN; NaN;  36
152; 7; 100; 100;Inp2; NaN; NaN; NaN;46060; NaN; NaN; NaN;  36
153; 1; 100; 100; Led; 180; 112;   -4;  996; 255;   1; NaN;  37
153; 2; 100; 100; Led; 180; 113;   -3;  997; 255;   1; NaN;  37
153; 3; 100; 100;Snd1; 180; 108;   -2;  942;  55; 399;   0;  37
153; 4; 100; 100;Snd2; 180;  12;   -2;  942;  55; 300;   0;  37
153; 5; 100; 100; Acq; NaN; NaN;    0; 4000; NaN; NaN;1017;  37
153; 6; 100; 100;Inp1; NaN; NaN; NaN;46060; NaN; NaN; NaN;  37
153; 7; 100; 100;Inp2; NaN; NaN; NaN;46060; NaN; NaN; NaN;  37
154; 1; 100; 100; Led; 180; 112;   -4;  996; 255;   1; NaN;  38
154; 2; 100; 100; Led; 180; 113;   -3;  997; 255;   1; NaN;  38
154; 3; 100; 100;Snd1; 180; 109;   -2;  942;  55; 399;   0;  38
154; 4; 100; 100;Snd2; 180;  12;   -2;  942;  55; 300;   0;  38
154; 5; 100; 100; Acq; NaN; NaN;    0; 4000; NaN; NaN;1017;  38
154; 6; 100; 100;Inp1; NaN; NaN; NaN;46060; NaN; NaN; NaN;  38
154; 7; 100; 100;Inp2; NaN; NaN; NaN;46060; NaN; NaN; NaN;  38
155; 1; 100; 100; Led; 180; 112;   -4;  996; 255;   1; NaN;  39
155; 2; 100; 100; Led; 180; 113;   -3;  997; 255;   1; NaN;  39
155; 3; 100; 100;Snd1; 180; 110;   -2;  942;  55; 399;   0;  39
155; 4; 100; 100;Snd2; 180;  12;   -2;  942;  55; 300;   0;  39
155; 5; 100; 100; Acq; NaN; NaN;    0; 4000; NaN; NaN;1017;  39
155; 6; 100; 100;Inp1; NaN; NaN; NaN;46060; NaN; NaN; NaN;  39
155; 7; 100; 100;Inp2; NaN; NaN; NaN;46060; NaN; NaN; NaN;  39
156; 1; 100; 100; Led; 180; 112;   -4;  996; 255;   1; NaN;  40
156; 2; 100; 100; Led; 180; 113;   -3;  997; 255;   1; NaN;  40
156; 3; 100; 100;Snd1; 180; 111;   -2;  942;  55; 399;   0;  40
156; 4; 100; 100;Snd2; 180;  12;   -2;  942;  55; 300;   0;  40
156; 5; 100; 100; Acq; NaN; NaN;    0; 4000; NaN; NaN;1017;  40
156; 6; 100; 100;Inp1; NaN; NaN; NaN;46060; NaN; NaN; NaN;  40
156; 7; 100; 100;Inp2; NaN; NaN; NaN;46060; NaN; NaN; NaN;  40
157; 1; 100; 100; Led; 180; 112;   -4;  996; 255;   1; NaN;  41
157; 2; 100; 100; Led; 180; 113;   -3;  997; 255;   1; NaN;  41
157; 3; 100; 100;Snd1; 180; 112;   -2;  942;  55; 399;   0;  41
157; 4; 100; 100;Snd2; 180;  13;   -2;  942;  55; 300;   0;  41
157; 5; 100; 100; Acq; NaN; NaN;    0; 4000; NaN; NaN;1017;  41
157; 6; 100; 100;Inp1; NaN; NaN; NaN;46060; NaN; NaN; NaN;  41
157; 7; 100; 100;Inp2; NaN; NaN; NaN;46060; NaN; NaN; NaN;  41
158; 1; 100; 100; Led; 180; 112;   -4;  997; 255;   1; NaN;  42
158; 2; 100; 100; Led; 180; 113;   -3;  996; 255;   1; NaN;  42
158; 3; 100; 100;Snd1; 180; 113;   -2;  942;  55; 399;   0;  42
158; 4; 100; 100;Snd2; 180;  12;   -2;  942;  55; 300;   0;  42
158; 5; 100; 100; Acq; NaN; NaN;    0; 4000; NaN; NaN;1017;  42
158; 6; 100; 100;Inp1; NaN; NaN; NaN;46060; NaN; NaN; NaN;  42
158; 7; 100; 100;Inp2; NaN; NaN; NaN;46060; NaN; NaN; NaN;  42
159; 1; 100; 100; Led; 180; 112;   -4;  996; 255;   1; NaN;  43
159; 2; 100; 100; Led; 180; 113;   -3;  997; 255;   1; NaN;  43
159; 3; 100; 100;Snd1; 180; 114;   -2;  942;  55; 399;   0;  43
159; 4; 100; 100;Snd2; 180;  12;   -2;  942;  55; 300;   0;  43
159; 5; 100; 100; Acq; NaN; NaN;    0; 4000; NaN; NaN;1017;  43
159; 6; 100; 100;Inp1; NaN; NaN; NaN;46060; NaN; NaN; NaN;  43
159; 7; 100; 100;Inp2; NaN; NaN; NaN;46060; NaN; NaN; NaN;  43
160; 1; 100; 100; Led; 180; 112;   -4;  996; 255;   1; NaN;  44
160; 2; 100; 100; Led; 180; 113;   -3;  997; 255;   1; NaN;  44
160; 3; 100; 100;Snd1; 180; 115;   -2;  942;  55; 399;   0;  44
160; 4; 100; 100;Snd2; 180;  12;   -2;  942;  55; 300;   0;  44
160; 5; 100; 100; Acq; NaN; NaN;    0; 4000; NaN; NaN;1017;  44
160; 6; 100; 100;Inp1; NaN; NaN; NaN;46060; NaN; NaN; NaN;  44
160; 7; 100; 100;Inp2; NaN; NaN; NaN;46060; NaN; NaN; NaN;  44
161; 1; 100; 100; Led; 180; 112;   -4;  996; 255;   1; NaN;  45
161; 2; 100; 100; Led; 180; 113;   -3;  997; 255;   1; NaN;  45
161; 3; 100; 100;Snd1; 180; 116;   -2;  942;  55; 399;   0;  45
161; 4; 100; 100;Snd2; 180;  12;   -2;  942;  55; 300;   0;  45
161; 5; 100; 100; Acq; NaN; NaN;    0; 4000; NaN; NaN;1017;  45
161; 6; 100; 100;Inp1; NaN; NaN; NaN;46060; NaN; NaN; NaN;  45
161; 7; 100; 100;Inp2; NaN; NaN; NaN;46060; NaN; NaN; NaN;  45
162; 1; 100; 100; Led; 180; 112;   -4;  996; 255;   1; NaN;  46
162; 2; 100; 100; Led; 180; 113;   -3;  997; 255;   1; NaN;  46
162; 3; 100; 100;Snd1; 180; 117;   -2;  942;  55; 399;   0;  46
162; 4; 100; 100;Snd2; 180;  12;   -2;  942;  55; 300;   0;  46
162; 5; 100; 100; Acq; NaN; NaN;    0; 4000; NaN; NaN;1017;  46
162; 6; 100; 100;Inp1; NaN; NaN; NaN;46060; NaN; NaN; NaN;  46
162; 7; 100; 100;Inp2; NaN; NaN; NaN;46060; NaN; NaN; NaN;  46
163; 1; 100; 100; Led; 180; 112;   -4;  996; 255;   1; NaN;  47
163; 2; 100; 100; Led; 180; 113;   -3;  997; 255;   1; NaN;  47
163; 3; 100; 100;Snd1; 180; 118;   -2;  942;  55; 399;   0;  47
163; 4; 100; 100;Snd2; 180;  12;   -2;  942;  55; 300;   0;  47
163; 5; 100; 100; Acq; NaN; NaN;    0; 4000; NaN; NaN;1017;  47
163; 6; 100; 100;Inp1; NaN; NaN; NaN;46060; NaN; NaN; NaN;  47
163; 7; 100; 100;Inp2; NaN; NaN; NaN;46060; NaN; NaN; NaN;  47
164; 1; 100; 100; Led; 180; 112;   -4;  996; 255;   1; NaN;  48
164; 2; 100; 100; Led; 180; 113;   -3;  997; 255;   1; NaN;  48
164; 3; 100; 100;Snd1; 180; 119;   -2;  942;  55; 399;   0;  48
164; 4; 100; 100;Snd2; 180;  12;   -2;  942;  55; 300;   0;  48
164; 5; 100; 100; Acq; NaN; NaN;    0; 4000; NaN; NaN;1017;  48
164; 6; 100; 100;Inp1; NaN; NaN; NaN;46060; NaN; NaN; NaN;  48
164; 7; 100; 100;Inp2; NaN; NaN; NaN;46060; NaN; NaN; NaN;  48
165; 1; 100; 100; Led; 180; 112;   -4;  996; 255;   1; NaN;  49
165; 2; 100; 100; Led; 180; 113;   -3;  997; 255;   1; NaN;  49
165; 3; 100; 100;Snd1; 180; 120;   -2;  942;  55; 399;   0;  49
165; 4; 100; 100;Snd2; 180;  12;   -2;  942;  55; 300;   0;  49
165; 5; 100; 100; Acq; NaN; NaN;    0; 4000; NaN; NaN;1017;  49
165; 6; 100; 100;Inp1; NaN; NaN; NaN;46060; NaN; NaN; NaN;  49
165; 7; 100; 100;Inp2; NaN; NaN; NaN;46060; NaN; NaN; NaN;  49
166; 1; 100; 100; Led; 180; 112;   -4;  996; 255;   1; NaN;  50
166; 2; 100; 100; Led; 180; 113;   -3;  997; 255;   1; NaN;  50
166; 3; 100; 100;Snd1; 180; 121;   -2;  942;  55; 399;   0;  50
166; 4; 100; 100;Snd2; 180;  12;   -2;  942;  55; 300;   0;  50
166; 5; 100; 100; Acq; NaN; NaN;    0; 4000; NaN; NaN;1017;  50
166; 6; 100; 100;Inp1; NaN; NaN; NaN;46060; NaN; NaN; NaN;  50
166; 7; 100; 100;Inp2; NaN; NaN; NaN;46060; NaN; NaN; NaN;  50
167; 1; 100; 100; Led; 180; 112;   -4;  996; 255;   1; NaN;  51
167; 2; 100; 100; Led; 180; 113;   -3;  997; 255;   1; NaN;  51
167; 3; 100; 100;Snd1; 180; 122;   -2;  942;  55; 399;   0;  51
167; 4; 100; 100;Snd2; 180;  12;   -2;  942;  55; 300;   0;  51
167; 5; 100; 100; Acq; NaN; NaN;    0; 4000; NaN; NaN;1017;  51
167; 6; 100; 100;Inp1; NaN; NaN; NaN;46060; NaN; NaN; NaN;  51
167; 7; 100; 100;Inp2; NaN; NaN; NaN;46060; NaN; NaN; NaN;  51
168; 1; 100; 100; Led; 180; 112;   -4;  996; 255;   1; NaN;  52
168; 2; 100; 100; Led; 180; 113;   -3;  997; 255;   1; NaN;  52
168; 3; 100; 100;Snd1; 180; 123;   -2;  942;  55; 399;   0;  52
168; 4; 100; 100;Snd2; 180;  12;   -2;  942;  55; 300;   0;  52
168; 5; 100; 100; Acq; NaN; NaN;    0; 4000; NaN; NaN;1017;  52
168; 6; 100; 100;Inp1; NaN; NaN; NaN;46060; NaN; NaN; NaN;  52
168; 7; 100; 100;Inp2; NaN; NaN; NaN;46060; NaN; NaN; NaN;  52
169; 1; 100; 100; Led; 180; 112;   -4;  996; 255;   1; NaN;  53
169; 2; 100; 100; Led; 180; 113;   -3;  997; 255;   1; NaN;  53
169; 3; 100; 100;Snd1; 180; 124;   -2;  942;  55; 399;   0;  53
169; 4; 100; 100;Snd2; 180;  12;   -2;  942;  55; 300;   0;  53
169; 5; 100; 100; Acq; NaN; NaN;    0; 4000; NaN; NaN;1017;  53
169; 6; 100; 100;Inp1; NaN; NaN; NaN;46060; NaN; NaN; NaN;  53
169; 7; 100; 100;Inp2; NaN; NaN; NaN;46060; NaN; NaN; NaN;  53
170; 1; 100; 100; Led; 180; 112;   -4;  996; 255;   1; NaN;  54
170; 2; 100; 100; Led; 180; 113;   -3;  997; 255;   1; NaN;  54
170; 3; 100; 100;Snd1; 180; 125;   -2;  942;  55; 399;   0;  54
170; 4; 100; 100;Snd2; 180;  12;   -2;  942;  55; 300;   0;  54
170; 5; 100; 100; Acq; NaN; NaN;    0; 4000; NaN; NaN;1017;  54
170; 6; 100; 100;Inp1; NaN; NaN; NaN;46060; NaN; NaN; NaN;  54
170; 7; 100; 100;Inp2; NaN; NaN; NaN;46060; NaN; NaN; NaN;  54
171; 1; 100; 100; Led; 180; 112;   -4;  996; 255;   1; NaN;  55
171; 2; 100; 100; Led; 180; 113;   -3;  997; 255;   1; NaN;  55
171; 3; 100; 100;Snd1; 180; 126;   -2;  942;  55; 399;   0;  55
171; 4; 100; 100;Snd2; 180;  12;   -2;  942;  55; 300;   0;  55
171; 5; 100; 100; Acq; NaN; NaN;    0; 4000; NaN; NaN;1017;  55
171; 6; 100; 100;Inp1; NaN; NaN; NaN;46060; NaN; NaN; NaN;  55
171; 7; 100; 100;Inp2; NaN; NaN; NaN;46060; NaN; NaN; NaN;  55
172; 1; 100; 100; Led; 180; 112;   -4;  996; 255;   1; NaN;  56
172; 2; 100; 100; Led; 180; 113;   -3;  997; 255;   1; NaN;  56
172; 3; 100; 100;Snd1; 180; 127;   -2;  942;  55; 399;   0;  56
172; 4; 100; 100;Snd2; 180;  12;   -2;  942;  55; 300;   0;  56
172; 5; 100; 100; Acq; NaN; NaN;    0; 4000; NaN; NaN;1017;  56
172; 6; 100; 100;Inp1; NaN; NaN; NaN;46060; NaN; NaN; NaN;  56
172; 7; 100; 100;Inp2; NaN; NaN; NaN;46060; NaN; NaN; NaN;  56
173; 1; 100; 100; Led; 180; 112;   -4;  996; 255;   1; NaN;  57
173; 2; 100; 100; Led; 180; 113;   -3;    2; 255;   1; NaN;  57
173; 3; 100; 100;Snd1; 180; 128;   -2;  942;  55; 399;   0;  57
173; 4; 100; 100;Snd2; 180;  12;   -2;  942;  55; 300;   0;  57
173; 5; 100; 100; Acq; NaN; NaN;    0; 4000; NaN; NaN;1017;  57
173; 6; 100; 100;Inp1; NaN; NaN; NaN;46060; NaN; NaN; NaN;  57
173; 7; 100; 100;Inp2; NaN; NaN; NaN;46060; NaN; NaN; NaN;  57
174; 1; 100; 100; Led; 180; 112;   -4;  997; 255;   1; NaN;  58
174; 2; 100; 100; Led; 180; 113;   -3;  996; 255;   1; NaN;  58
174; 3; 100; 100;Snd1; 180; 129;   -2;  942;  55; 399;   0;  58
174; 4; 100; 100;Snd2; 180;  12;   -2;  942;  55; 300;   0;  58
174; 5; 100; 100; Acq; NaN; NaN;    0; 4000; NaN; NaN;1017;  58
174; 6; 100; 100;Inp1; NaN; NaN; NaN;46060; NaN; NaN; NaN;  58
174; 7; 100; 100;Inp2; NaN; NaN; NaN;46060; NaN; NaN; NaN;  58
