 0;84;1;85;0;0;0;8
 0;1;1;250;1000;5000
 0;2;2;250;1000;5000
 0;3;3;250;1000;5000
 0;4;4;250;1000;5000
 0;5;5;250;1000;5000
 0;6;6;250;1000;5000
 0;7;7;250;1000;5000
 0;8;8;250;1000;5000
  1; 1;   0;   0;Snd1; -10;  12;    1; 1025;   0;   0;   0;   1
  1; 2;   0;   0;Trg0; NaN; NaN;35192;35362; NaN; NaN;   2;   1
  2; 1;   0;   0; Sky;   0;   1;-4508;    2;  55;   1; NaN;   2
  2; 2;   0;   0;Trg0; NaN; NaN; -139;   -1; NaN; NaN;   2;   2
  2; 3;   0;   0; Sky;   1;   1;    0;  492; 255;   1; NaN;   2
  2; 4;   0;   0; Acq; NaN; NaN;    0;40000; NaN; NaN;1017;   2
  3; 1;   0;   0; Sky;   0;   1;-1585;    3;  55;   1; NaN;   3
  3; 2;   0;   0;Trg0; NaN; NaN; -139;   -1; NaN; NaN;   2;   3
  3; 3;   0;   0; Sky;   1;   2;    0; 3415; 255;   1; NaN;   3
  3; 4;   0;   0; Acq; NaN; NaN;    0;40000; NaN; NaN;1017;   3
  4; 1;   0;   0; Sky;   0;   1;-1536;    3;  55;   1; NaN;   4
  4; 2;   0;   0;Trg0; NaN; NaN; -171;   -1; NaN; NaN;   2;   4
  4; 3;   0;   0; Sky;   1;   3;    0; 3464; 255;   1; NaN;   4
  4; 4;   0;   0; Acq; NaN; NaN;    0;40000; NaN; NaN;1017;   4
  5; 1;   0;   0; Sky;   0;   1;-1145;    3;  55;   1; NaN;   5
  5; 2;   0;   0;Trg0; NaN; NaN; -164;   -1; NaN; NaN;   2;   5
  5; 3;   0;   0; Sky;   1;   4;    0; 3855; 255;   1; NaN;   5
  5; 4;   0;   0; Acq; NaN; NaN;    0;40000; NaN; NaN;1017;   5
  6; 1;   0;   0; Sky;   0;   1;-1259;    3;  55;   1; NaN;   6
  6; 2;   0;   0;Trg0; NaN; NaN; -171;   -1; NaN; NaN;   2;   6
  6; 3;   0;   0; Sky;   1;   5;    0; 3741; 255;   1; NaN;   6
  6; 4;   0;   0; Acq; NaN; NaN;    0;40000; NaN; NaN;1017;   6
  7; 1;   0;   0; Sky;   0;   1;-1385;    2;  55;   1; NaN;   7
  7; 2;   0;   0;Trg0; NaN; NaN; -152;   -1; NaN; NaN;   2;   7
  7; 3;   0;   0; Sky;   1;   6;    0; 3615; 255;   1; NaN;   7
  7; 4;   0;   0; Acq; NaN; NaN;    0;40000; NaN; NaN;1017;   7
  8; 1;   0;   0; Sky;   0;   1;-1189;    3;  55;   1; NaN;   8
  8; 2;   0;   0;Trg0; NaN; NaN; -139;   -1; NaN; NaN;   2;   8
  8; 3;   0;   0; Sky;   1;   7;    0; 3811; 255;   1; NaN;   8
  8; 4;   0;   0; Acq; NaN; NaN;    0;40000; NaN; NaN;1017;   8
  9; 1;   0;   0; Sky;   0;   1;-1408;    2;  55;   1; NaN;   9
  9; 2;   0;   0;Trg0; NaN; NaN; -114;   -1; NaN; NaN;   2;   9
  9; 3;   0;   0; Sky;   2;   1;    0; 3592; 255;   1; NaN;   9
  9; 4;   0;   0; Acq; NaN; NaN;    0;40000; NaN; NaN;1017;   9
 10; 1;   0;   0; Sky;   0;   1;-1180;    3;  55;   1; NaN;  10
 10; 2;   0;   0;Trg0; NaN; NaN; -158;   -1; NaN; NaN;   2;  10
 10; 3;   0;   0; Sky;   2;   2;    0; 3820; 255;   1; NaN;  10
 10; 4;   0;   0; Acq; NaN; NaN;    0;40000; NaN; NaN;1017;  10
 11; 1;   0;   0; Sky;   0;   1; -741;    2;  55;   1; NaN;  11
 11; 2;   0;   0;Trg0; NaN; NaN; -152;   -2; NaN; NaN;   2;  11
 11; 3;   0;   0; Sky;   2;   3;    0; 4259; 255;   1; NaN;  11
 11; 4;   0;   0; Acq; NaN; NaN;    0;40000; NaN; NaN;1017;  11
 12; 1;   0;   0; Sky;   0;   1; -778;    2;  55;   1; NaN;  12
 12; 2;   0;   0;Trg0; NaN; NaN; -146;   -2; NaN; NaN;   2;  12
 12; 3;   0;   0; Sky;   2;   4;    0; 4222; 255;   1; NaN;  12
 12; 4;   0;   0; Acq; NaN; NaN;    0;40000; NaN; NaN;1017;  12
 13; 1;   0;   0; Sky;   0;   1; -763;    3;  55;   1; NaN;  13
 13; 2;   0;   0;Trg0; NaN; NaN; -164;   -1; NaN; NaN;   2;  13
 13; 3;   0;   0; Sky;   2;   5;    0; 4237; 255;   1; NaN;  13
 13; 4;   0;   0; Acq; NaN; NaN;    0;40000; NaN; NaN;1017;  13
 14; 1;   0;   0; Sky;   0;   1;-1027;    3;  55;   1; NaN;  14
 14; 2;   0;   0;Trg0; NaN; NaN; -164;   -1; NaN; NaN;   2;  14
 14; 3;   0;   0; Sky;   2;   6;    0; 3973; 255;   1; NaN;  14
 14; 4;   0;   0; Acq; NaN; NaN;    0;40000; NaN; NaN;1017;  14
 15; 1;   0;   0; Sky;   0;   1; -715;    3;  55;   1; NaN;  15
 15; 2;   0;   0;Trg0; NaN; NaN; -165;   -1; NaN; NaN;   2;  15
 15; 3;   0;   0; Sky;   2;   7;    0; 4285; 255;   1; NaN;  15
 15; 4;   0;   0; Acq; NaN; NaN;    0;40000; NaN; NaN;1017;  15
 16; 1;   0;   0; Sky;   0;   1; -823;    3;  55;   1; NaN;  16
 16; 2;   0;   0;Trg0; NaN; NaN; -152;   -1; NaN; NaN;   2;  16
 16; 3;   0;   0; Sky;   3;   1;    0; 4177; 255;   1; NaN;  16
 16; 4;   0;   0; Acq; NaN; NaN;    0;40000; NaN; NaN;1017;  16
 17; 1;   0;   0; Sky;   0;   1;-2297;    2;  55;   1; NaN;  17
 17; 2;   0;   0;Trg0; NaN; NaN; -190;   -1; NaN; NaN;   2;  17
 17; 3;   0;   0; Sky;   3;   2;    0; 2703; 255;   1; NaN;  17
 17; 4;   0;   0; Acq; NaN; NaN;    0;40000; NaN; NaN;1017;  17
 18; 1;   0;   0; Sky;   0;   1; -815;    3;  55;   1; NaN;  18
 18; 2;   0;   0;Trg0; NaN; NaN; -190;   -1; NaN; NaN;   2;  18
 18; 3;   0;   0; Sky;   3;   3;    0; 4185; 255;   1; NaN;  18
 18; 4;   0;   0; Acq; NaN; NaN;    0;40000; NaN; NaN;1017;  18
 19; 1;   0;   0; Sky;   0;   1; -822;    3;  55;   1; NaN;  19
 19; 2;   0;   0;Trg0; NaN; NaN; -158;   -1; NaN; NaN;   2;  19
 19; 3;   0;   0; Sky;   3;   4;    0; 4178; 255;   1; NaN;  19
 19; 4;   0;   0; Acq; NaN; NaN;    0;40000; NaN; NaN;1017;  19
 20; 1;   0;   0; Sky;   0;   1; -914;    3;  55;   1; NaN;  20
 20; 2;   0;   0;Trg0; NaN; NaN; -171;   -1; NaN; NaN;   2;  20
 20; 3;   0;   0; Sky;   3;   5;    0; 4085; 255;   1; NaN;  20
 20; 4;   0;   0; Acq; NaN; NaN;    0;40000; NaN; NaN;1017;  20
 21; 1;   0;   0; Sky;   0;   1;-1005;    2;  55;   1; NaN;  21
 21; 2;   0;   0;Trg0; NaN; NaN; -190;   -1; NaN; NaN;   2;  21
 21; 3;   0;   0; Sky;   3;   6;    0; 3995; 255;   1; NaN;  21
 21; 4;   0;   0; Acq; NaN; NaN;    0;40000; NaN; NaN;1017;  21
 22; 1;   0;   0; Sky;   0;   1; -953;    3;  55;   1; NaN;  22
 22; 2;   0;   0;Trg0; NaN; NaN; -215;   -1; NaN; NaN;   2;  22
 22; 3;   0;   0; Sky;   3;   7;    0; 4046; 255;   1; NaN;  22
 22; 4;   0;   0; Acq; NaN; NaN;    0;40000; NaN; NaN;1017;  22
 23; 1;   0;   0; Sky;   0;   1;-1092;    3;  55;   1; NaN;  23
 23; 2;   0;   0;Trg0; NaN; NaN; -183;   -1; NaN; NaN;   2;  23
 23; 3;   0;   0; Sky;   4;   1;    0; 3908; 255;   1; NaN;  23
 23; 4;   0;   0; Acq; NaN; NaN;    0;40000; NaN; NaN;1017;  23
 24; 1;   0;   0; Sky;   0;   1;-1161;    2;  55;   1; NaN;  24
 24; 2;   0;   0;Trg0; NaN; NaN; -196;   -1; NaN; NaN;   2;  24
 24; 3;   0;   0; Sky;   4;   2;    0; 3839; 255;   1; NaN;  24
 24; 4;   0;   0; Acq; NaN; NaN;    0;40000; NaN; NaN;1017;  24
 25; 1;   0;   0; Sky;   0;   1;-1083;    3;  55;   1; NaN;  25
 25; 2;   0;   0;Trg0; NaN; NaN; -183;   -1; NaN; NaN;   2;  25
 25; 3;   0;   0; Sky;   4;   3;    0; 3917; 255;   1; NaN;  25
 25; 4;   0;   0; Acq; NaN; NaN;    0;40000; NaN; NaN;1017;  25
 26; 1;   0;   0; Sky;   0;   1;-1256;    3;  55;   1; NaN;  26
 26; 2;   0;   0;Trg0; NaN; NaN; -183;   -1; NaN; NaN;   2;  26
 26; 3;   0;   0; Sky;   4;   4;    0; 3744; 255;   1; NaN;  26
 26; 4;   0;   0; Acq; NaN; NaN;    0;40000; NaN; NaN;1017;  26
 27; 1;   0;   0; Sky;   0;   1;-1431;    3;  55;   1; NaN;  27
 27; 2;   0;   0;Trg0; NaN; NaN; -177;   -1; NaN; NaN;   2;  27
 27; 3;   0;   0; Sky;   4;   5;    0; 3569; 255;   1; NaN;  27
 27; 4;   0;   0; Acq; NaN; NaN;    0;40000; NaN; NaN;1017;  27
 28; 1;   0;   0; Sky;   0;   1; -981;    2;  55;   1; NaN;  28
 28; 2;   0;   0;Trg0; NaN; NaN; -177;   -2; NaN; NaN;   2;  28
 28; 3;   0;   0; Sky;   4;   6;    0; 4019; 255;   1; NaN;  28
 28; 4;   0;   0; Acq; NaN; NaN;    0;40000; NaN; NaN;1017;  28
 29; 1;   0;   0; Sky;   0;   1;-1098;    2;  55;   1; NaN;  29
 29; 2;   0;   0;Trg0; NaN; NaN; -183;   -1; NaN; NaN;   2;  29
 29; 3;   0;   0; Sky;   4;   7;    0; 3902; 255;   1; NaN;  29
 29; 4;   0;   0; Acq; NaN; NaN;    0;40000; NaN; NaN;1017;  29
 30; 1;   0;   0; Sky;   0;   1;-1124;    3;  55;   1; NaN;  30
 30; 2;   0;   0;Trg0; NaN; NaN; -208;   -1; NaN; NaN;   2;  30
 30; 3;   0;   0; Sky;   5;   1;    0; 3876; 255;   1; NaN;  30
 30; 4;   0;   0; Acq; NaN; NaN;    0;40000; NaN; NaN;1017;  30
 31; 1;   0;   0; Sky;   0;   1; -857;    3;  55;   1; NaN;  31
 31; 2;   0;   0;Trg0; NaN; NaN; -170;   -1; NaN; NaN;   2;  31
 31; 3;   0;   0; Sky;   5;   2;    0; 4143; 255;   1; NaN;  31
 31; 4;   0;   0; Acq; NaN; NaN;    0;40000; NaN; NaN;1017;  31
 32; 1;   0;   0; Sky;   0;   1;-1236;    3;  55;   1; NaN;  32
 32; 2;   0;   0;Trg0; NaN; NaN; -189;   -1; NaN; NaN;   2;  32
 32; 3;   0;   0; Sky;   5;   3;    0; 3764; 255;   1; NaN;  32
 32; 4;   0;   0; Acq; NaN; NaN;    0;40000; NaN; NaN;1017;  32
 33; 1;   0;   0; Sky;   0;   1; -819;    3;  55;   1; NaN;  33
 33; 2;   0;   0;Trg0; NaN; NaN; -189;   -1; NaN; NaN;   2;  33
 33; 3;   0;   0; Sky;   5;   4;    0; 4181; 255;   1; NaN;  33
 33; 4;   0;   0; Acq; NaN; NaN;    0;40000; NaN; NaN;1017;  33
 34; 1;   0;   0; Sky;   0;   1;-1483;    3;  55;   1; NaN;  34
 34; 2;   0;   0;Trg0; NaN; NaN; -189;   -1; NaN; NaN;   2;  34
 34; 3;   0;   0; Sky;   5;   5;    0; 3517; 255;   1; NaN;  34
 34; 4;   0;   0; Acq; NaN; NaN;    0;40000; NaN; NaN;1017;  34
 35; 1;   0;   0; Sky;   0;   1; -822;    3;  55;   1; NaN;  35
 35; 2;   0;   0;Trg0; NaN; NaN; -177;   -1; NaN; NaN;   2;  35
 35; 3;   0;   0; Sky;   5;   6;    0; 4178; 255;   1; NaN;  35
 35; 4;   0;   0; Acq; NaN; NaN;    0;40000; NaN; NaN;1017;  35
 36; 1;   0;   0; Sky;   0;   1; -928;    3;  55;   1; NaN;  36
 36; 2;   0;   0;Trg0; NaN; NaN; -190;   -1; NaN; NaN;   2;  36
 36; 3;   0;   0; Sky;   5;   7;    0; 4072; 255;   1; NaN;  36
 36; 4;   0;   0; Acq; NaN; NaN;    0;40000; NaN; NaN;1017;  36
 37; 1;   0;   0; Sky;   0;   1;-1191;    3;  55;   1; NaN;  37
 37; 2;   0;   0;Trg0; NaN; NaN; -171;   -1; NaN; NaN;   2;  37
 37; 3;   0;   0; Sky;   6;   1;    0; 3809; 255;   1; NaN;  37
 37; 4;   0;   0; Acq; NaN; NaN;    0;40000; NaN; NaN;1017;  37
 38; 1;   0;   0; Sky;   0;   1;-1180;    2;  55;   1; NaN;  38
 38; 2;   0;   0;Trg0; NaN; NaN; -190;   -1; NaN; NaN;   2;  38
 38; 3;   0;   0; Sky;   6;   2;    0; 3820; 255;   1; NaN;  38
 38; 4;   0;   0; Acq; NaN; NaN;    0;40000; NaN; NaN;1017;  38
 39; 1;   0;   0; Sky;   0;   1; -649;    3;  55;   1; NaN;  39
 39; 2;   0;   0;Trg0; NaN; NaN; -177;   -1; NaN; NaN;   2;  39
 39; 3;   0;   0; Sky;   6;   3;    0; 4351; 255;   1; NaN;  39
 39; 4;   0;   0; Acq; NaN; NaN;    0;40000; NaN; NaN;1017;  39
 40; 1;   0;   0; Sky;   0;   1;-1513;    3;  55;   1; NaN;  40
 40; 2;   0;   0;Trg0; NaN; NaN; -171;   -1; NaN; NaN;   2;  40
 40; 3;   0;   0; Sky;   6;   4;    0; 3487; 255;   1; NaN;  40
 40; 4;   0;   0; Acq; NaN; NaN;    0;40000; NaN; NaN;1017;  40
 41; 1;   0;   0; Sky;   0;   1; -977;    3;  55;   1; NaN;  41
 41; 2;   0;   0;Trg0; NaN; NaN; -152;   -1; NaN; NaN;   2;  41
 41; 3;   0;   0; Sky;   6;   5;    0; 4023; 255;   1; NaN;  41
 41; 4;   0;   0; Acq; NaN; NaN;    0;40000; NaN; NaN;1017;  41
 42; 1;   0;   0; Sky;   0;   1;-1224;    3;  55;   1; NaN;  42
 42; 2;   0;   0;Trg0; NaN; NaN; -183;   -1; NaN; NaN;   2;  42
 42; 3;   0;   0; Sky;   6;   6;    0; 3776; 255;   1; NaN;  42
 42; 4;   0;   0; Acq; NaN; NaN;    0;40000; NaN; NaN;1017;  42
 43; 1;   0;   0; Sky;   0;   1;-1083;    3;  55;   1; NaN;  43
 43; 2;   0;   0;Trg0; NaN; NaN; -164;   -1; NaN; NaN;   2;  43
 43; 3;   0;   0; Sky;   6;   7;    0; 3917; 255;   1; NaN;  43
 43; 4;   0;   0; Acq; NaN; NaN;    0;40000; NaN; NaN;1017;  43
 44; 1;   0;   0; Sky;   0;   1; -996;    3;  55;   1; NaN;  44
 44; 2;   0;   0;Trg0; NaN; NaN; -189;   -1; NaN; NaN;   2;  44
 44; 3;   0;   0; Sky;   7;   1;    0; 4004; 255;   1; NaN;  44
 44; 4;   0;   0; Acq; NaN; NaN;    0;40000; NaN; NaN;1017;  44
 45; 1;   0;   0; Sky;   0;   1;-1517;    3;  55;   1; NaN;  45
 45; 2;   0;   0;Trg0; NaN; NaN; -183;   -1; NaN; NaN;   2;  45
 45; 3;   0;   0; Sky;   7;   2;    0; 3483; 255;   1; NaN;  45
 45; 4;   0;   0; Acq; NaN; NaN;    0;40000; NaN; NaN;1017;  45
 46; 1;   0;   0; Sky;   0;   1;-1039;    3;  55;   1; NaN;  46
 46; 2;   0;   0;Trg0; NaN; NaN; -170;   -1; NaN; NaN;   2;  46
 46; 3;   0;   0; Sky;   7;   3;    0; 3961; 255;   1; NaN;  46
 46; 4;   0;   0; Acq; NaN; NaN;    0;40000; NaN; NaN;1017;  46
 47; 1;   0;   0; Sky;   0;   1;-1316;    3;  55;   1; NaN;  47
 47; 2;   0;   0;Trg0; NaN; NaN; -183;   -1; NaN; NaN;   2;  47
 47; 3;   0;   0; Sky;   7;   4;    0; 3684; 255;   1; NaN;  47
 47; 4;   0;   0; Acq; NaN; NaN;    0;40000; NaN; NaN;1017;  47
 48; 1;   0;   0; Sky;   0;   1;-1273;    3;  55;   1; NaN;  48
 48; 2;   0;   0;Trg0; NaN; NaN; -177;   -1; NaN; NaN;   2;  48
 48; 3;   0;   0; Sky;   7;   5;    0; 3727; 255;   1; NaN;  48
 48; 4;   0;   0; Acq; NaN; NaN;    0;40000; NaN; NaN;1017;  48
 49; 1;   0;   0; Sky;   0;   1;-1296;    3;  55;   1; NaN;  49
 49; 2;   0;   0;Trg0; NaN; NaN; -189;   -1; NaN; NaN;   2;  49
 49; 3;   0;   0; Sky;   7;   6;    0; 3704; 255;   1; NaN;  49
 49; 4;   0;   0; Acq; NaN; NaN;    0;40000; NaN; NaN;1017;  49
 50; 1;   0;   0; Sky;   0;   1;-1130;    3;  55;   1; NaN;  50
 50; 2;   0;   0;Trg0; NaN; NaN; -177;   -1; NaN; NaN;   2;  50
 50; 3;   0;   0; Sky;   7;   7;    0; 3870; 255;   1; NaN;  50
 50; 4;   0;   0; Acq; NaN; NaN;    0;40000; NaN; NaN;1017;  50
 51; 1;   0;   0; Sky;   0;   1;-1426;    2;  55;   1; NaN;  51
 51; 2;   0;   0;Trg0; NaN; NaN; -190;   -1; NaN; NaN;   2;  51
 51; 3;   0;   0; Sky;   8;   1;    0; 3573; 255;   1; NaN;  51
 51; 4;   0;   0; Acq; NaN; NaN;    0;40000; NaN; NaN;1017;  51
 52; 1;   0;   0; Sky;   0;   1; -889;    3;  55;   1; NaN;  52
 52; 2;   0;   0;Trg0; NaN; NaN; -177;   -1; NaN; NaN;   2;  52
 52; 3;   0;   0; Sky;   8;   2;    0; 4111; 255;   1; NaN;  52
 52; 4;   0;   0; Acq; NaN; NaN;    0;40000; NaN; NaN;1017;  52
 53; 1;   0;   0; Sky;   0;   1;-1208;    2;  55;   1; NaN;  53
 53; 2;   0;   0;Trg0; NaN; NaN; -171;   -2; NaN; NaN;   2;  53
 53; 3;   0;   0; Sky;   8;   3;    0; 3791; 255;   1; NaN;  53
 53; 4;   0;   0; Acq; NaN; NaN;    0;40000; NaN; NaN;1017;  53
 54; 1;   0;   0; Sky;   0;   1;-1279;    2;  55;   1; NaN;  54
 54; 2;   0;   0;Trg0; NaN; NaN; -159;   -2; NaN; NaN;   2;  54
 54; 3;   0;   0; Sky;   8;   4;    0; 3721; 255;   1; NaN;  54
 54; 4;   0;   0; Acq; NaN; NaN;    0;40000; NaN; NaN;1017;  54
 55; 1;   0;   0; Sky;   0;   1; -786;    2;  55;   1; NaN;  55
 55; 2;   0;   0;Trg0; NaN; NaN; -165;   -2; NaN; NaN;   2;  55
 55; 3;   0;   0; Sky;   8;   5;    0; 4214; 255;   1; NaN;  55
 55; 4;   0;   0; Acq; NaN; NaN;    0;40000; NaN; NaN;1017;  55
 56; 1;   0;   0; Sky;   0;   1; -862;    2;  55;   1; NaN;  56
 56; 2;   0;   0;Trg0; NaN; NaN; -177;   -1; NaN; NaN;   2;  56
 56; 3;   0;   0; Sky;   8;   6;    0; 4138; 255;   1; NaN;  56
 56; 4;   0;   0; Acq; NaN; NaN;    0;40000; NaN; NaN;1017;  56
 57; 1;   0;   0; Sky;   0;   1;-1125;    3;  55;   1; NaN;  57
 57; 2;   0;   0;Trg0; NaN; NaN; -177;   -1; NaN; NaN;   2;  57
 57; 3;   0;   0; Sky;   8;   7;    0; 3874; 255;   1; NaN;  57
 57; 4;   0;   0; Acq; NaN; NaN;    0;40000; NaN; NaN;1017;  57
 58; 1;   0;   0; Sky;   0;   1;-1033;    3;  55;   1; NaN;  58
 58; 2;   0;   0;Trg0; NaN; NaN; -196;   -1; NaN; NaN;   2;  58
 58; 3;   0;   0; Sky;   9;   1;    0; 3967; 255;   1; NaN;  58
 58; 4;   0;   0; Acq; NaN; NaN;    0;40000; NaN; NaN;1017;  58
 59; 1;   0;   0; Sky;   0;   1;-1107;    3;  55;   1; NaN;  59
 59; 2;   0;   0;Trg0; NaN; NaN; -183;   -1; NaN; NaN;   2;  59
 59; 3;   0;   0; Sky;   9;   2;    0; 3893; 255;   1; NaN;  59
 59; 4;   0;   0; Acq; NaN; NaN;    0;40000; NaN; NaN;1017;  59
 60; 1;   0;   0; Sky;   0;   1; -727;    3;  55;   1; NaN;  60
 60; 2;   0;   0;Trg0; NaN; NaN; -164;   -1; NaN; NaN;   2;  60
 60; 3;   0;   0; Sky;   9;   3;    0; 4273; 255;   1; NaN;  60
 60; 4;   0;   0; Acq; NaN; NaN;    0;40000; NaN; NaN;1017;  60
 61; 1;   0;   0; Sky;   0;   1;-1178;    3;  55;   1; NaN;  61
 61; 2;   0;   0;Trg0; NaN; NaN; -158;   -1; NaN; NaN;   2;  61
 61; 3;   0;   0; Sky;   9;   4;    0; 3822; 255;   1; NaN;  61
 61; 4;   0;   0; Acq; NaN; NaN;    0;40000; NaN; NaN;1017;  61
 62; 1;   0;   0; Sky;   0;   1; -701;    2;  55;   1; NaN;  62
 62; 2;   0;   0;Trg0; NaN; NaN; -190;   -1; NaN; NaN;   2;  62
 62; 3;   0;   0; Sky;   9;   5;    0; 4299; 255;   1; NaN;  62
 62; 4;   0;   0; Acq; NaN; NaN;    0;40000; NaN; NaN;1017;  62
 63; 1;   0;   0; Sky;   0;   1;-1004;    2;  55;   1; NaN;  63
 63; 2;   0;   0;Trg0; NaN; NaN; -177;   -1; NaN; NaN;   2;  63
 63; 3;   0;   0; Sky;   9;   6;    0; 3995; 255;   1; NaN;  63
 63; 4;   0;   0; Acq; NaN; NaN;    0;40000; NaN; NaN;1017;  63
 64; 1;   0;   0; Sky;   0;   1; -877;    3;  55;   1; NaN;  64
 64; 2;   0;   0;Trg0; NaN; NaN; -214;   -1; NaN; NaN;   2;  64
 64; 3;   0;   0; Sky;   9;   7;    0; 4123; 255;   1; NaN;  64
 64; 4;   0;   0; Acq; NaN; NaN;    0;40000; NaN; NaN;1017;  64
 65; 1;   0;   0; Sky;   0;   1;-1660;    2;  55;   1; NaN;  65
 65; 2;   0;   0;Trg0; NaN; NaN; -196;   -1; NaN; NaN;   2;  65
 65; 3;   0;   0; Sky;  10;   1;    0; 3340; 255;   1; NaN;  65
 65; 4;   0;   0; Acq; NaN; NaN;    0;40000; NaN; NaN;1017;  65
 66; 1;   0;   0; Sky;   0;   1;-1450;    3;  55;   1; NaN;  66
 66; 2;   0;   0;Trg0; NaN; NaN; -189;   -1; NaN; NaN;   2;  66
 66; 3;   0;   0; Sky;  10;   2;    0; 3550; 255;   1; NaN;  66
 66; 4;   0;   0; Acq; NaN; NaN;    0;40000; NaN; NaN;1017;  66
 67; 1;   0;   0; Sky;   0;   1; -997;    3;  55;   1; NaN;  67
 67; 2;   0;   0;Trg0; NaN; NaN; -183;   -1; NaN; NaN;   2;  67
 67; 3;   0;   0; Sky;  10;   3;    0; 4003; 255;   1; NaN;  67
 67; 4;   0;   0; Acq; NaN; NaN;    0;40000; NaN; NaN;1017;  67
 68; 1;   0;   0; Sky;   0;   1; -720;    2;  55;   1; NaN;  68
 68; 2;   0;   0;Trg0; NaN; NaN; -196;   -1; NaN; NaN;   2;  68
 68; 3;   0;   0; Sky;  10;   4;    0; 4280; 255;   1; NaN;  68
 68; 4;   0;   0; Acq; NaN; NaN;    0;40000; NaN; NaN;1017;  68
 69; 1;   0;   0; Sky;   0;   1;-1173;    3;  55;   1; NaN;  69
 69; 2;   0;   0;Trg0; NaN; NaN; -177;   -1; NaN; NaN;   2;  69
 69; 3;   0;   0; Sky;  10;   5;    0; 3827; 255;   1; NaN;  69
 69; 4;   0;   0; Acq; NaN; NaN;    0;40000; NaN; NaN;1017;  69
 70; 1;   0;   0; Sky;   0;   1;-1041;    3;  55;   1; NaN;  70
 70; 2;   0;   0;Trg0; NaN; NaN; -202;   -1; NaN; NaN;   2;  70
 70; 3;   0;   0; Sky;  10;   6;    0; 3959; 255;   1; NaN;  70
 70; 4;   0;   0; Acq; NaN; NaN;    0;40000; NaN; NaN;1017;  70
 71; 1;   0;   0; Sky;   0;   1;-1629;    2;  55;   1; NaN;  71
 71; 2;   0;   0;Trg0; NaN; NaN; -228;   -1; NaN; NaN;   2;  71
 71; 3;   0;   0; Sky;  10;   7;    0; 3371; 255;   1; NaN;  71
 71; 4;   0;   0; Acq; NaN; NaN;    0;40000; NaN; NaN;1017;  71
 72; 1;   0;   0; Sky;   0;   1;-1261;    2;  55;   1; NaN;  72
 72; 2;   0;   0;Trg0; NaN; NaN; -234;   -2; NaN; NaN;   2;  72
 72; 3;   0;   0; Sky;  11;   1;    0; 3739; 255;   1; NaN;  72
 72; 4;   0;   0; Acq; NaN; NaN;    0;40000; NaN; NaN;1017;  72
 73; 1;   0;   0; Sky;   0;   1;-1287;    2;  55;   1; NaN;  73
 73; 2;   0;   0;Trg0; NaN; NaN; -196;   -1; NaN; NaN;   2;  73
 73; 3;   0;   0; Sky;  11;   2;    0; 3713; 255;   1; NaN;  73
 73; 4;   0;   0; Acq; NaN; NaN;    0;40000; NaN; NaN;1017;  73
 74; 1;   0;   0; Sky;   0;   1;-1291;    2;  55;   1; NaN;  74
 74; 2;   0;   0;Trg0; NaN; NaN; -208;   -1; NaN; NaN;   2;  74
 74; 3;   0;   0; Sky;  11;   3;    0; 3709; 255;   1; NaN;  74
 74; 4;   0;   0; Acq; NaN; NaN;    0;40000; NaN; NaN;1017;  74
 75; 1;   0;   0; Sky;   0;   1;-1283;    3;  55;   1; NaN;  75
 75; 2;   0;   0;Trg0; NaN; NaN; -202;   -1; NaN; NaN;   2;  75
 75; 3;   0;   0; Sky;  11;   4;    0; 3716; 255;   1; NaN;  75
 75; 4;   0;   0; Acq; NaN; NaN;    0;40000; NaN; NaN;1017;  75
 76; 1;   0;   0; Sky;   0;   1; -955;    3;  55;   1; NaN;  76
 76; 2;   0;   0;Trg0; NaN; NaN; -221;   -1; NaN; NaN;   2;  76
 76; 3;   0;   0; Sky;  11;   5;    0; 4045; 255;   1; NaN;  76
 76; 4;   0;   0; Acq; NaN; NaN;    0;40000; NaN; NaN;1017;  76
 77; 1;   0;   0; Sky;   0;   1;-1544;    2;  55;   1; NaN;  77
 77; 2;   0;   0;Trg0; NaN; NaN; -208;   -1; NaN; NaN;   2;  77
 77; 3;   0;   0; Sky;  11;   6;    0; 3456; 255;   1; NaN;  77
 77; 4;   0;   0; Acq; NaN; NaN;    0;40000; NaN; NaN;1017;  77
 78; 1;   0;   0; Sky;   0;   1;-1361;    2;  55;   1; NaN;  78
 78; 2;   0;   0;Trg0; NaN; NaN; -209;   -1; NaN; NaN;   2;  78
 78; 3;   0;   0; Sky;  11;   7;    0; 3639; 255;   1; NaN;  78
 78; 4;   0;   0; Acq; NaN; NaN;    0;40000; NaN; NaN;1017;  78
 79; 1;   0;   0; Sky;   0;   1;-1135;    2;  55;   1; NaN;  79
 79; 2;   0;   0;Trg0; NaN; NaN; -215;   -1; NaN; NaN;   2;  79
 79; 3;   0;   0; Sky;  12;   1;    0; 3865; 255;   1; NaN;  79
 79; 4;   0;   0; Acq; NaN; NaN;    0;40000; NaN; NaN;1017;  79
 80; 1;   0;   0; Sky;   0;   1; -691;    3;  55;   1; NaN;  80
 80; 2;   0;   0;Trg0; NaN; NaN; -214;   -1; NaN; NaN;   2;  80
 80; 3;   0;   0; Sky;  12;   2;    0; 4309; 255;   1; NaN;  80
 80; 4;   0;   0; Acq; NaN; NaN;    0;40000; NaN; NaN;1017;  80
 81; 1;   0;   0; Sky;   0;   1;-1345;    2;  55;   1; NaN;  81
 81; 2;   0;   0;Trg0; NaN; NaN; -196;   -1; NaN; NaN;   2;  81
 81; 3;   0;   0; Sky;  12;   3;    0; 3655; 255;   1; NaN;  81
 81; 4;   0;   0; Acq; NaN; NaN;    0;40000; NaN; NaN;1017;  81
 82; 1;   0;   0; Sky;   0;   1; -617;    3;  55;   1; NaN;  82
 82; 2;   0;   0;Trg0; NaN; NaN; -170;   -1; NaN; NaN;   2;  82
 82; 3;   0;   0; Sky;  12;   4;    0; 4383; 255;   1; NaN;  82
 82; 4;   0;   0; Acq; NaN; NaN;    0;40000; NaN; NaN;1017;  82
 83; 1;   0;   0; Sky;   0;   1;-1145;    3;  55;   1; NaN;  83
 83; 2;   0;   0;Trg0; NaN; NaN; -202;   -1; NaN; NaN;   2;  83
 83; 3;   0;   0; Sky;  12;   5;    0; 3855; 255;   1; NaN;  83
 83; 4;   0;   0; Acq; NaN; NaN;    0;40000; NaN; NaN;1017;  83
 84; 1;   0;   0; Sky;   0;   1;-1610;    3;  55;   1; NaN;  84
 84; 2;   0;   0;Trg0; NaN; NaN; -215;   -1; NaN; NaN;   2;  84
 84; 3;   0;   0; Sky;  12;   6;    0; 3390; 255;   1; NaN;  84
 84; 4;   0;   0; Acq; NaN; NaN;    0;40000; NaN; NaN;1017;  84
 85; 1;   0;   0; Sky;   0;   1;-1050;    3;  55;   1; NaN;  85
 85; 2;   0;   0;Trg0; NaN; NaN; -189;   -1; NaN; NaN;   2;  85
 85; 3;   0;   0; Sky;  12;   7;    0; 3950; 255;   1; NaN;  85
 85; 4;   0;   0; Acq; NaN; NaN;    0;40000; NaN; NaN;1017;  85
